"id","tags"
"0",""
"1","HISTORICAL-FICTION NOVEL ROMANCE-NOVEL HISTORICAL-NOVEL NON-FICTION"
"2","NOVEL FICTION"
"3","HISTORICAL-FICTION CHILDREN'S-LITERATURE SPECULATIVE-FICTION FICTION HISTORICAL-NOVEL FANTASY"
"4","HISTORICAL-FICTION NOVEL FICTION"
"5","NOVEL MYSTERY ROMANCE-NOVEL FICTION"
"6","SPECULATIVE-FICTION HISTORICAL-NOVEL FANTASY"
"7","SPECULATIVE-FICTION SCIENCE-FICTION FANTASY"
"8","SPECULATIVE-FICTION FICTION FANTASY"
"9","NOVEL SPECULATIVE-FICTION FICTION"
"10","SPECULATIVE-FICTION SCIENCE-FICTION"
"11","NOVEL FICTION"
"12","NOVEL HISTORICAL-NOVEL"
"13","SPECULATIVE-FICTION SCIENCE-FICTION FANTASY"
"14","NOVEL ROMANCE-NOVEL FICTION"
"15","NOVEL"
"16","NOVEL FICTION"
"17","SPECULATIVE-FICTION FICTION SCIENCE-FICTION"
"18","SPECULATIVE-FICTION SCIENCE-FICTION FANTASY"
"19","SPECULATIVE-FICTION SCIENCE-FICTION FANTASY"
"20","CHILDREN'S-LITERATURE SPECULATIVE-FICTION SCIENCE-FICTION YOUNG-ADULT-LITERATURE"
"21","SPECULATIVE-FICTION SCIENCE-FICTION"
"22","NOVEL FICTION"
"23","NOVEL"
"24","NOVEL CHILDREN'S-LITERATURE FICTION HISTORICAL-NOVEL"
"25","CHILDREN'S-LITERATURE FICTION"
"26","HISTORICAL-FICTION NOVEL ROMANCE-NOVEL FICTION HISTORICAL-NOVEL COMIC-NOVEL"
"27","NOVEL FICTION"
"28","NOVEL FICTION"
"29",""
"30","SPECULATIVE-FICTION SCIENCE-FICTION"
"31","CHILDREN'S-LITERATURE SPECULATIVE-FICTION FANTASY"
"32","MYSTERY SUSPENSE CRIME-FICTION THRILLER"
"33","CHILDREN'S-LITERATURE SPECULATIVE-FICTION FANTASY"
"34","THRILLER FICTION"
"35","NOVEL"
"36","NOVEL FICTION HISTORICAL-NOVEL"
"37","SPECULATIVE-FICTION SCIENCE-FICTION"
"38","CHILDREN'S-LITERATURE FICTION"
"39","SPECULATIVE-FICTION SCIENCE-FICTION HISTORY"
"40","NOVEL COMEDY NON-FICTION"
"41","FICTION FANTASY"
"42","NOVEL SPECULATIVE-FICTION FICTION"
"43","NOVEL"
"44","NOVEL MYSTERY SUSPENSE FICTION"
"45","NOVEL COMEDY ROMANCE-NOVEL FICTION HISTORY"
"46","HISTORICAL-FICTION CHILDREN'S-LITERATURE FICTION NON-FICTION"
"47","HISTORICAL-FICTION MYSTERY HISTORICAL-NOVEL"
"48","SPECULATIVE-FICTION SCIENCE-FICTION FANTASY"
"49","NOVEL CHILDREN'S-LITERATURE FICTION YOUNG-ADULT-LITERATURE"
"50","NOVEL NON-FICTION"
"51","THRILLER"
"52","NOVEL FICTION"
"53","SPECULATIVE-FICTION SCIENCE-FICTION FANTASY"
"54","NOVEL FICTION"
"55","SPECULATIVE-FICTION SCIENCE-FICTION FANTASY"
"56","FANTASY"
"57","CHILDREN'S-LITERATURE FICTION"
"58","NOVEL FICTION YOUNG-ADULT-LITERATURE MEMOIR"
"59","NOVEL"
"60","HISTORICAL-FICTION NOVEL MYSTERY HISTORICAL-NOVEL"
"61","DETECTIVE-FICTION NOVEL MYSTERY SUSPENSE CRIME-FICTION FICTION"
"62","SUSPENSE FICTION"
"63","FANTASY"
"64","HISTORICAL-FICTION SPY-FICTION SUSPENSE FICTION HISTORICAL-NOVEL SCIENCE-FICTION ALTERNATE-HISTORY WAR-NOVEL"
"65","CHILDREN'S-LITERATURE SPECULATIVE-FICTION ROMANCE-NOVEL FICTION FANTASY"
"66","CHILDREN'S-LITERATURE SPECULATIVE-FICTION ROMANCE-NOVEL FICTION FANTASY"
"67","NOVEL CRIME-FICTION FICTION"
"68","SPECULATIVE-FICTION SCIENCE-FICTION"
"69","NOVEL FICTION"
"70","NOVEL CHILDREN'S-LITERATURE FICTION"
"71","NOVEL"
"72","MYSTERY CHILDREN'S-LITERATURE FICTION"
"73","SPECULATIVE-FICTION ALTERNATE-HISTORY"
"74","NOVEL FICTION"
"75","NOVEL FICTION"
"76","NOVEL SPECULATIVE-FICTION FICTION SCIENCE-FICTION"
"77","MYSTERY FICTION"
"78","SPECULATIVE-FICTION SCIENCE-FICTION FANTASY"
"79","SPECULATIVE-FICTION FICTION COMIC-NOVEL"
"80","NOVEL FICTION"
"81","SPECULATIVE-FICTION SCIENCE-FICTION FANTASY"
"82","NOVEL"
"83","NOVEL CHILDREN'S-LITERATURE FICTION"
"84","SPECULATIVE-FICTION FANTASY"
"85","NOVEL MYSTERY SUSPENSE SPECULATIVE-FICTION CRIME-FICTION FICTION HISTORICAL-NOVEL FANTASY"
"86","NOVEL FICTION"
"87","NOVEL CHILDREN'S-LITERATURE FICTION YOUNG-ADULT-LITERATURE"
"88","DETECTIVE-FICTION MYSTERY SUSPENSE FICTION"
"89","HISTORICAL-FICTION NOVEL MYSTERY SUSPENSE THRILLER FICTION AUTOBIOGRAPHY"
"90","NOVEL FICTION"
"91","SPECULATIVE-FICTION SCIENCE-FICTION"
"92","DETECTIVE-FICTION NOVEL MYSTERY SUSPENSE CRIME-FICTION FICTION"
"93","FICTION"
"94","CHILDREN'S-LITERATURE FICTION"
"95","NOVEL ROMANCE-NOVEL"
"96","NOVEL FICTION"
"97","NOVEL FICTION YOUNG-ADULT-LITERATURE"
"98","NOVEL SPECULATIVE-FICTION FICTION SCIENCE-FICTION"
"99","SPECULATIVE-FICTION"
"100","NOVEL SUSPENSE THRILLER"
"101","NOVEL CHILDREN'S-LITERATURE SPECULATIVE-FICTION FICTION FANTASY"
"102","HISTORICAL-NOVEL SCIENCE-FICTION"
"103","CHILDREN'S-LITERATURE FANTASY"
"104","NOVEL FICTION"
"105","SPECULATIVE-FICTION THRILLER FICTION"
"106","SPY-FICTION THRILLER HISTORICAL-NOVEL ALTERNATE-HISTORY"
"107","MYSTERY SPY-FICTION"
"108","THRILLER"
"109","NOVEL SPECULATIVE-FICTION FICTION SCIENCE-FICTION"
"110","FICTION"
"111",""
"112","HISTORICAL-FICTION NOVEL FICTION"
"113","SUSPENSE CHILDREN'S-LITERATURE FICTION"
"114","NOVEL FICTION YOUNG-ADULT-LITERATURE"
"115","SPECULATIVE-FICTION FICTION SCIENCE-FICTION"
"116","NOVEL FICTION"
"117","NOVEL"
"118","NOVEL"
"119","NOVEL SPECULATIVE-FICTION SCIENCE-FICTION"
"120","NOVEL FICTION"
"121","MYSTERY SPECULATIVE-FICTION ROMANCE-NOVEL FICTION HISTORICAL-NOVEL FANTASY"
"122","MYSTERY SUSPENSE CRIME-FICTION THRILLER FICTION"
"123","SPECULATIVE-FICTION SCIENCE-FICTION"
"124","NOVEL SPECULATIVE-FICTION SCIENCE-FICTION NON-FICTION"
"125","SPECULATIVE-FICTION SCIENCE-FICTION"
"126","THRILLER SCIENCE-FICTION"
"127","NOVEL FICTION"
"128","HISTORICAL-FICTION NOVEL HISTORICAL-NOVEL"
"129","NOVEL SPECULATIVE-FICTION FICTION"
"130","NOVEL FICTION SCIENCE-FICTION YOUNG-ADULT-LITERATURE NON-FICTION"
"131","SPY-FICTION THRILLER"
"132","CHILDREN'S-LITERATURE ROMANCE-NOVEL CRIME-FICTION YOUNG-ADULT-LITERATURE"
"133","MYSTERY CHILDREN'S-LITERATURE FICTION"
"134","NOVEL CHILDREN'S-LITERATURE FICTION"
"135","SPECULATIVE-FICTION"
"136","NOVEL CHILDREN'S-LITERATURE ROMANCE-NOVEL"
"137","CHILDREN'S-LITERATURE"
"138",""
"139","HISTORICAL-FICTION NOVEL ROMANCE-NOVEL HISTORICAL-NOVEL"
"140","NOVEL MYSTERY SUSPENSE CRIME-FICTION FICTION"
"141","THRILLER FICTION"
"142","NOVEL FICTION"
"143","HISTORICAL-FICTION CHILDREN'S-LITERATURE FANTASY"
"144","NOVEL ROMANCE-NOVEL FICTION"
"145","NOVEL FICTION"
"146",""
"147","CHILDREN'S-LITERATURE FICTION YOUNG-ADULT-LITERATURE"
"148","CHILDREN'S-LITERATURE SPECULATIVE-FICTION FANTASY"
"149","CHILDREN'S-LITERATURE SPECULATIVE-FICTION ROMANCE-NOVEL YOUNG-ADULT-LITERATURE HORROR FANTASY"
"150","NOVEL FICTION"
"151","NOVEL"
"152","CHILDREN'S-LITERATURE FICTION"
"153","NOVEL"
"154","FANTASY"
"155","MYSTERY SUSPENSE CRIME-FICTION FICTION HUMOUR HORROR"
"156","SPECULATIVE-FICTION HISTORICAL-NOVEL FANTASY"
"157","HISTORICAL-FICTION NOVEL FICTION"
"158","NOVEL FICTION"
"159","NOVEL SPECULATIVE-FICTION THRILLER SCIENCE-FICTION YOUNG-ADULT-LITERATURE HORROR NON-FICTION SATIRE"
"160","NOVEL MYSTERY SUSPENSE CRIME-FICTION FICTION"
"161","THRILLER FICTION"
"162","FICTION HISTORICAL-NOVEL WAR-NOVEL"
"163","DETECTIVE-FICTION"
"164","DETECTIVE-FICTION MYSTERY CHILDREN'S-LITERATURE FICTION"
"165","MYSTERY FICTION"
"166","DETECTIVE-FICTION MYSTERY CHILDREN'S-LITERATURE TECHNO-THRILLER"
"167","CHILDREN'S-LITERATURE"
"168","NOVEL FICTION ALTERNATE-HISTORY"
"169","MYSTERY SUSPENSE CRIME-FICTION THRILLER FICTION"
"170","NOVEL CHILDREN'S-LITERATURE SPECULATIVE-FICTION ROMANCE-NOVEL FICTION YOUNG-ADULT-LITERATURE HORROR FANTASY"
"171","NOVEL SPECULATIVE-FICTION FICTION"
"172","CHILDREN'S-LITERATURE CRIME-FICTION YOUNG-ADULT-LITERATURE"
"173","NOVEL HISTORICAL-NOVEL"
"174",""
"175","MYSTERY SUSPENSE CRIME-FICTION HISTORICAL-NOVEL"
"176","SPECULATIVE-FICTION THRILLER SCIENCE-FICTION"
"177","NOVEL MYSTERY SUSPENSE CRIME-FICTION FICTION"
"178","CHILDREN'S-LITERATURE SPECULATIVE-FICTION FANTASY"
"179","DETECTIVE-FICTION NOVEL MYSTERY SUSPENSE CHILDREN'S-LITERATURE SPECULATIVE-FICTION ROMANCE-NOVEL CRIME-FICTION THRILLER FICTION YOUNG-ADULT-LITERATURE FANTASY"
"180","CHILDREN'S-LITERATURE FICTION FANTASY"
"181","DETECTIVE-FICTION NOVEL MYSTERY SUSPENSE FICTION"
"182","SPECULATIVE-FICTION THRILLER"
"183","SPECULATIVE-FICTION SCIENCE-FICTION"
"184","SPECULATIVE-FICTION HISTORICAL-NOVEL SCIENCE-FICTION FANTASY"
"185","NOVEL"
"186","SPECULATIVE-FICTION SCIENCE-FICTION FANTASY"
"187","SPECULATIVE-FICTION SCIENCE-FICTION FANTASY ADVENTURE-NOVEL"
"188","NOVEL HISTORY"
"189","SPECULATIVE-FICTION HISTORICAL-NOVEL SCIENCE-FICTION"
"190","SPECULATIVE-FICTION SCIENCE-FICTION HORROR FANTASY"
"191","NOVEL CHILDREN'S-LITERATURE YOUNG-ADULT-LITERATURE WAR-NOVEL"
"192","NOVEL CHILDREN'S-LITERATURE"
"193","NOVEL SUSPENSE THRILLER FICTION"
"194","CHILDREN'S-LITERATURE SPECULATIVE-FICTION FICTION SCIENCE-FICTION FANTASY"
"195","SPECULATIVE-FICTION SCIENCE-FICTION"
"196","NOVEL FICTION"
"197","NOVEL MYSTERY SUSPENSE FICTION"
"198","CHILDREN'S-LITERATURE SPECULATIVE-FICTION FANTASY"
"199","SPECULATIVE-FICTION FANTASY"
"200","SPECULATIVE-FICTION SCIENCE-FICTION"
"201","CHILDREN'S-LITERATURE SPECULATIVE-FICTION FICTION SCIENCE-FICTION"
"202","CHILDREN'S-LITERATURE SPECULATIVE-FICTION FICTION SCIENCE-FICTION"
"203","CHILDREN'S-LITERATURE SPECULATIVE-FICTION FICTION SCIENCE-FICTION"
"204","MYSTERY CHILDREN'S-LITERATURE SPECULATIVE-FICTION FICTION SCIENCE-FICTION YOUNG-ADULT-LITERATURE"
"205","NOVEL FICTION"
"206","NOVEL"
"207","HISTORICAL-FICTION NOVEL ROMANCE-NOVEL FICTION HISTORICAL-NOVEL"
"208","NOVEL ROMANCE-NOVEL FICTION"
"209","SPECULATIVE-FICTION FICTION SCIENCE-FICTION"
"210","SPECULATIVE-FICTION FANTASY"
"211","CHILDREN'S-LITERATURE SPECULATIVE-FICTION FICTION HISTORICAL-NOVEL YOUNG-ADULT-LITERATURE"
"212","NOVEL ROMANCE-NOVEL FICTION HISTORICAL-NOVEL"
"213","CHILDREN'S-LITERATURE FICTION"
"214","NOVEL ROMANCE-NOVEL FICTION HISTORICAL-NOVEL"
"215","NOVEL CHILDREN'S-LITERATURE FICTION"
"216","ROMANCE-NOVEL HISTORICAL-NOVEL"
"217","SPECULATIVE-FICTION SCIENCE-FICTION NON-FICTION HISTORY"
"218","MYSTERY SUSPENSE CRIME-FICTION THRILLER"
"219","HISTORICAL-FICTION CHILDREN'S-LITERATURE FICTION HISTORICAL-NOVEL"
"220","NOVEL FICTION"
"221","MYSTERY SUSPENSE HISTORICAL-NOVEL ALTERNATE-HISTORY FANTASY"
"222",""
"223","HISTORICAL-FICTION NOVEL SPECULATIVE-FICTION HISTORICAL-NOVEL HISTORY"
"224","NOVEL"
"225","HISTORICAL-NOVEL"
"226","SPECULATIVE-FICTION SCIENCE-FICTION"
"227","SPECULATIVE-FICTION SCIENCE-FICTION"
"228","SPECULATIVE-FICTION SCIENCE-FICTION FANTASY"
"229","NOVEL SPECULATIVE-FICTION FICTION SCIENCE-FICTION"
"230","NOVEL FICTION"
"231","CHILDREN'S-LITERATURE SPECULATIVE-FICTION FANTASY"
"232","NOVEL FICTION"
"233","THRILLER FICTION SCIENCE-FICTION"
"234","SPECULATIVE-FICTION SCIENCE-FICTION FANTASY"
"235","NOVEL FICTION"
"236","DETECTIVE-FICTION MYSTERY SUSPENSE CRIME-FICTION THRILLER FICTION YOUNG-ADULT-LITERATURE"
"237","FICTION"
"238","HISTORICAL-FICTION NOVEL CHILDREN'S-LITERATURE ROMANCE-NOVEL"
"239","NOVEL AUTOBIOGRAPHICAL-NOVEL MYSTERY SUSPENSE CRIME-FICTION"
"240","NOVEL"
"241","NOVEL CHILDREN'S-LITERATURE YOUNG-ADULT-LITERATURE"
"242","HISTORICAL-FICTION NOVEL ROMANCE-NOVEL FICTION HISTORICAL-NOVEL"
"243","NOVEL AUTOBIOGRAPHICAL-NOVEL FICTION"
"244","SPECULATIVE-FICTION FICTION SCIENCE-FICTION FANTASY"
"245","SPY-FICTION THRILLER FICTION"
"246","CHILDREN'S-LITERATURE SPECULATIVE-FICTION SCIENCE-FICTION"
"247","NOVEL"
"248","NOVEL"
"249","NOVEL SATIRE"
"250","MYSTERY SUSPENSE CRIME-FICTION THRILLER"
"251","NOVEL SPECULATIVE-FICTION FICTION"
"252","FICTION WAR-NOVEL"
"253","DETECTIVE-FICTION NOVEL MYSTERY SUSPENSE CRIME-FICTION THRILLER FICTION"
"254","SPECULATIVE-FICTION SCIENCE-FICTION FANTASY"
"255","SPECULATIVE-FICTION FICTION AUTOBIOGRAPHY"
"256","DETECTIVE-FICTION MYSTERY CHILDREN'S-LITERATURE FICTION"
"257","DETECTIVE-FICTION MYSTERY SUSPENSE THRILLER FICTION"
"258","NOVEL"
"259","NOVEL FICTION"
"260","NOVEL NON-FICTION WAR-NOVEL"
"261","SPECULATIVE-FICTION"
"262","HISTORICAL-FICTION NOVEL HISTORICAL-NOVEL NON-FICTION"
"263","CHILDREN'S-LITERATURE SPECULATIVE-FICTION FICTION FANTASY"
"264","CHILDREN'S-LITERATURE SPECULATIVE-FICTION SCIENCE-FICTION"
"265","HISTORICAL-NOVEL"
"266","FICTION"
"267","NOVEL ROMANCE-NOVEL FICTION"
"268","NOVEL FICTION"
"269","NOVEL ROMANCE-NOVEL"
"270","NOVEL FICTION"
"271","HISTORICAL-FICTION FICTION HISTORICAL-NOVEL HISTORY BIOGRAPHY"
"272","NOVEL CHILDREN'S-LITERATURE FICTION"
"273","NOVEL FICTION"
"274","HISTORICAL-NOVEL FANTASY"
"275","NOVEL SPECULATIVE-FICTION SCIENCE-FICTION"
"276","NOVEL COMEDY CHILDREN'S-LITERATURE ROMANCE-NOVEL FICTION COMIC-NOVEL"
"277","NOVEL FICTION"
"278","NOVEL"
"279","NOVEL FICTION"
"280","NOVEL"
"281","SPECULATIVE-FICTION FANTASY"
"282","SPECULATIVE-FICTION SCIENCE-FICTION ALTERNATE-HISTORY"
"283","HISTORICAL-FICTION NOVEL SPECULATIVE-FICTION HISTORICAL-NOVEL HISTORY"
"284","NOVEL FICTION FANTASY"
"285","NOVEL"
"286","CHILDREN'S-LITERATURE SPECULATIVE-FICTION SCIENCE-FICTION FANTASY"
"287","FICTION"
"288","CHILDREN'S-LITERATURE SPECULATIVE-FICTION FICTION SCIENCE-FICTION YOUNG-ADULT-LITERATURE HORROR FANTASY"
"289","CHILDREN'S-LITERATURE SPECULATIVE-FICTION FICTION SCIENCE-FICTION YOUNG-ADULT-LITERATURE HORROR FANTASY"
"290","CHILDREN'S-LITERATURE SPECULATIVE-FICTION FICTION YOUNG-ADULT-LITERATURE HORROR FANTASY"
"291","CHILDREN'S-LITERATURE SPECULATIVE-FICTION FANTASY"
"292","CHILDREN'S-LITERATURE SPECULATIVE-FICTION FICTION YOUNG-ADULT-LITERATURE HORROR FANTASY"
"293","NOVEL"
"294","NOVEL FICTION"
"295","COMEDY SUSPENSE CHILDREN'S-LITERATURE FICTION YOUNG-ADULT-LITERATURE"
"296","NOVEL FICTION"
"297","HISTORICAL-FICTION NOVEL FICTION HISTORICAL-NOVEL"
"298","CHILDREN'S-LITERATURE SPECULATIVE-FICTION SCIENCE-FICTION HORROR FANTASY"
"299","MYSTERY SUSPENSE CHILDREN'S-LITERATURE SPECULATIVE-FICTION FICTION SCIENCE-FICTION HORROR"
"300",""
"301","HISTORICAL-FICTION SPECULATIVE-FICTION ROMANCE-NOVEL HISTORICAL-NOVEL ALTERNATE-HISTORY"
"302","CHILDREN'S-LITERATURE FICTION YOUNG-ADULT-LITERATURE"
"303","NOVEL FICTION"
"304","NOVEL MYSTERY SUSPENSE CRIME-FICTION FICTION"
"305","WAR-NOVEL"
"306","MYSTERY SUSPENSE CRIME-FICTION FICTION YOUNG-ADULT-LITERATURE"
"307","NOVEL CHILDREN'S-LITERATURE"
"308","NOVEL MYSTERY SUSPENSE CRIME-FICTION FICTION"
"309","NOVEL"
"310","SPECULATIVE-FICTION SCIENCE-FICTION"
"311","FICTION HISTORICAL-NOVEL"
"312","NOVEL FICTION"
"313","NOVEL CHILDREN'S-LITERATURE FICTION"
"314","CHILDREN'S-LITERATURE SPECULATIVE-FICTION FICTION FANTASY"
"315","NOVEL FICTION"
"316","CHILDREN'S-LITERATURE"
"317","CHILDREN'S-LITERATURE"
"318","DETECTIVE-FICTION MYSTERY SUSPENSE CHILDREN'S-LITERATURE CRIME-FICTION FICTION"
"319","SPECULATIVE-FICTION HORROR FANTASY"
"320","MYSTERY SPECULATIVE-FICTION CRIME-FICTION FICTION SCIENCE-FICTION HORROR"
"321","MYSTERY SPECULATIVE-FICTION FICTION HORROR"
"322","CHILDREN'S-LITERATURE SPECULATIVE-FICTION FICTION HORROR FANTASY"
"323","MYSTERY FICTION"
"324","NOVEL MYSTERY SUSPENSE CRIME-FICTION FICTION"
"325","NOVEL FICTION"
"326","HISTORICAL-FICTION NOVEL ROMANCE-NOVEL FICTION HISTORICAL-NOVEL"
"327","HISTORICAL-NOVEL"
"328","HISTORICAL-FICTION NOVEL ROMANCE-NOVEL FICTION HISTORICAL-NOVEL"
"329","CHILDREN'S-LITERATURE SPECULATIVE-FICTION THRILLER FICTION FANTASY"
"330","NOVEL ROMANCE-NOVEL FICTION"
"331","SPECULATIVE-FICTION FANTASY"
"332","CHILDREN'S-LITERATURE SPECULATIVE-FICTION FANTASY"
"333","CHILDREN'S-LITERATURE SPECULATIVE-FICTION FICTION FANTASY"
"334","CHILDREN'S-LITERATURE SPECULATIVE-FICTION FANTASY"
"335","CHILDREN'S-LITERATURE SPECULATIVE-FICTION FICTION FANTASY"
"336","NOVEL ROMANCE-NOVEL FICTION"
"337","NOVEL CHILDREN'S-LITERATURE ROMANCE-NOVEL FICTION YOUNG-ADULT-LITERATURE HORROR"
"338","NOVEL FICTION"
"339","NOVEL ROMANCE-NOVEL"
"340","SPECULATIVE-FICTION SCIENCE-FICTION WAR-NOVEL"
"341","SPECULATIVE-FICTION FICTION SCIENCE-FICTION"
"342","NOVEL FICTION AUTOBIOGRAPHY BIOGRAPHY"
"343","CHILDREN'S-LITERATURE ADVENTURE-NOVEL"
"344","SPY-FICTION SPECULATIVE-FICTION THRILLER SCIENCE-FICTION ALTERNATE-HISTORY FANTASY WAR-NOVEL"
"345","CHILDREN'S-LITERATURE SPECULATIVE-FICTION FICTION SCIENCE-FICTION HORROR FANTASY"
"346","CHILDREN'S-LITERATURE SPECULATIVE-FICTION FANTASY"
"347","SPECULATIVE-FICTION FANTASY"
"348","SPECULATIVE-FICTION SCIENCE-FICTION FANTASY"
"349","SPECULATIVE-FICTION SCIENCE-FICTION"
"350","SPECULATIVE-FICTION SCIENCE-FICTION FANTASY"
"351","NOVEL CHILDREN'S-LITERATURE FICTION YOUNG-ADULT-LITERATURE"
"352","SPECULATIVE-FICTION FICTION SCIENCE-FICTION FANTASY"
"353","HISTORICAL-NOVEL ALTERNATE-HISTORY"
"354","SUSPENSE FICTION"
"355","SPECULATIVE-FICTION SCIENCE-FICTION FANTASY"
"356","CHILDREN'S-LITERATURE SPECULATIVE-FICTION YOUNG-ADULT-LITERATURE FANTASY"
"357","NOVEL FICTION"
"358","NOVEL"
"359","SPECULATIVE-FICTION SCIENCE-FICTION"
"360","NOVEL CHILDREN'S-LITERATURE SPECULATIVE-FICTION FICTION COMIC-NOVEL FANTASY"
"361","MYSTERY SUSPENSE CHILDREN'S-LITERATURE FICTION YOUNG-ADULT-LITERATURE"
"362","SHORT-STORY DETECTIVE-FICTION MYSTERY SUSPENSE CRIME-FICTION THRILLER FICTION"
"363","THRILLER"
"364","SPECULATIVE-FICTION HISTORICAL-NOVEL FANTASY"
"365","SPECULATIVE-FICTION SCIENCE-FICTION"
"366","NOVEL"
"367",""
"368","SPECULATIVE-FICTION SCIENCE-FICTION"
"369","FANTASY ADVENTURE-NOVEL"
"370","NOVEL SATIRE"
"371","HISTORICAL-FICTION NOVEL FICTION HISTORICAL-NOVEL"
"372","FICTION"
"373","HIGH-FANTASY UTOPIAN-AND-DYSTOPIAN-FICTION SPECULATIVE-FICTION SCIENCE-FICTION"
"374","SPECULATIVE-FICTION SCIENCE-FICTION FANTASY"
"375","CHILDREN'S-LITERATURE SPECULATIVE-FICTION FICTION NON-FICTION FANTASY"
"376","CHILDREN'S-LITERATURE FICTION"
"377","HISTORICAL-NOVEL"
"378","SPECULATIVE-FICTION AUTOBIOGRAPHY FANTASY"
"379","CHILDREN'S-LITERATURE SPECULATIVE-FICTION SCIENCE-FICTION"
"380","CHILDREN'S-LITERATURE SPECULATIVE-FICTION FANTASY"
"381","MYSTERY CHILDREN'S-LITERATURE SPECULATIVE-FICTION SCIENCE-FICTION"
"382","NOVEL CHILDREN'S-LITERATURE SPECULATIVE-FICTION FICTION SCIENCE-FICTION"
"383","SPECULATIVE-FICTION SCIENCE-FICTION HORROR FANTASY"
"384","NOVEL FICTION"
"385","SPECULATIVE-FICTION SCIENCE-FICTION"
"386","SPECULATIVE-FICTION FICTION SCIENCE-FICTION"
"387","MYSTERY SUSPENSE CRIME-FICTION"
"388","NOVEL FICTION"
"389","NOVEL SUSPENSE CHILDREN'S-LITERATURE FICTION YOUNG-ADULT-LITERATURE"
"390","NOVEL MYSTERY SUSPENSE CRIME-FICTION THRILLER FICTION"
"391","NOVEL MYSTERY CHILDREN'S-LITERATURE FICTION HISTORICAL-NOVEL"
"392","CHILDREN'S-LITERATURE APOCALYPTIC-AND-POST-APOCALYPTIC-FICTION FICTION YOUNG-ADULT-LITERATURE"
"393","HISTORICAL-FICTION HISTORICAL-NOVEL"
"394","CHILDREN'S-LITERATURE SPECULATIVE-FICTION FANTASY"
"395","CHILDREN'S-LITERATURE SPECULATIVE-FICTION FANTASY"
"396","SUSPENSE SPECULATIVE-FICTION SCIENCE-FICTION"
"397","MYSTERY SUSPENSE SPECULATIVE-FICTION CRIME-FICTION THRILLER TECHNO-THRILLER"
"398",""
"399","CHILDREN'S-LITERATURE FICTION"
"400","MYSTERY CHILDREN'S-LITERATURE FICTION ADVENTURE-NOVEL"
"401","NOVEL CHILDREN'S-LITERATURE ROMANCE-NOVEL FICTION YOUNG-ADULT-LITERATURE"
"402","NOVEL FICTION HISTORICAL-NOVEL"
"403","HISTORICAL-FICTION FICTION HISTORICAL-NOVEL"
"404","HISTORICAL-FICTION NOVEL FICTION HISTORICAL-NOVEL"
"405","NOVEL CHILDREN'S-LITERATURE FICTION"
"406","NOVEL CHILDREN'S-LITERATURE YOUNG-ADULT-LITERATURE"
"407","CHILDREN'S-LITERATURE SPECULATIVE-FICTION FANTASY"
"408","HISTORICAL-FICTION NOVEL MYSTERY NOVELLA SUSPENSE CRIME-FICTION THRILLER HISTORICAL-NOVEL HORROR"
"409","CHILDREN'S-LITERATURE FICTION YOUNG-ADULT-LITERATURE"
"410","NOVEL FICTION"
"411","MYSTERY SUSPENSE SPECULATIVE-FICTION CRIME-FICTION THRILLER FICTION FANTASY"
"412","DETECTIVE-FICTION MYSTERY CHILDREN'S-LITERATURE ADVENTURE-NOVEL"
"413","SPECULATIVE-FICTION FICTION SCIENCE-FICTION FANTASY"
"414","CHILDREN'S-LITERATURE SPECULATIVE-FICTION YOUNG-ADULT-LITERATURE FANTASY ADVENTURE-NOVEL"
"415","DETECTIVE-FICTION MYSTERY SUSPENSE CHILDREN'S-LITERATURE"
"416","HIGH-FANTASY SPECULATIVE-FICTION FANTASY"
"417","HISTORICAL-FICTION NOVEL FICTION HISTORICAL-NOVEL"
"418","SUSPENSE FICTION"
"419","SPECULATIVE-FICTION FICTION SCIENCE-FICTION"
"420","CHILDREN'S-LITERATURE SPECULATIVE-FICTION SCIENCE-FICTION HORROR"
"421","NOVEL FICTION"
"422","NOVEL MYSTERY FICTION"
"423","SPECULATIVE-FICTION FICTION"
"424","NOVEL MYSTERY SUSPENSE CHILDREN'S-LITERATURE CRIME-FICTION FICTION"
"425","NOVEL ROMANCE-NOVEL FICTION"
"426","FICTION FANTASY"
"427","SPECULATIVE-FICTION SCIENCE-FICTION FANTASY"
"428","MYSTERY SUSPENSE CRIME-FICTION FICTION"
"429","MYSTERY SUSPENSE SPECULATIVE-FICTION CRIME-FICTION"
"430","NOVEL MYSTERY SUSPENSE CRIME-FICTION FICTION"
"431","NOVEL CRIME-FICTION FICTION"
"432","THRILLER FICTION"
"433","NOVEL SUSPENSE FICTION"
"434","SPECULATIVE-FICTION"
"435","SPECULATIVE-FICTION SCIENCE-FICTION"
"436","SUSPENSE CHILDREN'S-LITERATURE FICTION YOUNG-ADULT-LITERATURE FANTASY"
"437","CHILDREN'S-LITERATURE YOUNG-ADULT-LITERATURE"
"438","SPECULATIVE-FICTION SCIENCE-FICTION ALTERNATE-HISTORY"
"439","DETECTIVE-FICTION NOVEL MYSTERY SUSPENSE CRIME-FICTION THRILLER FICTION"
"440","DETECTIVE-FICTION NOVEL MYSTERY SUSPENSE CRIME-FICTION FICTION"
"441","DETECTIVE-FICTION MYSTERY SUSPENSE CRIME-FICTION FICTION YOUNG-ADULT-LITERATURE"
"442","NOVEL MYSTERY SUSPENSE CRIME-FICTION FICTION"
"443","SPECULATIVE-FICTION SCIENCE-FICTION"
"444","NOVEL ROMANCE-NOVEL FICTION"
"445","SPECULATIVE-FICTION SCIENCE-FICTION"
"446","SPECULATIVE-FICTION SCIENCE-FICTION"
"447","SPECULATIVE-FICTION SCIENCE-FICTION"
"448","CHILDREN'S-LITERATURE FICTION YOUNG-ADULT-LITERATURE"
"449","CHILDREN'S-LITERATURE"
"450","SPECULATIVE-FICTION FICTION SCIENCE-FICTION"
"451","SPECULATIVE-FICTION SCIENCE-FICTION FANTASY"
"452","SPECULATIVE-FICTION FANTASY"
"453","CHILDREN'S-LITERATURE FICTION YOUNG-ADULT-LITERATURE"
"454","CHILDREN'S-LITERATURE THRILLER"
"455","NOVEL NON-FICTION"
"456","MYSTERY SPY-FICTION SUSPENSE FICTION"
"457","MYSTERY SPY-FICTION SUSPENSE FICTION"
"458","SPECULATIVE-FICTION SCIENCE-FICTION FANTASY"
"459","MYSTERY CHILDREN'S-LITERATURE SPECULATIVE-FICTION CRIME-FICTION FICTION FANTASY"
"460","SPECULATIVE-FICTION FICTION SCIENCE-FICTION"
"461","MYSTERY HISTORICAL-NOVEL"
"462","SPECULATIVE-FICTION SCIENCE-FICTION"
"463","HISTORICAL-NOVEL HISTORY"
"464","SPECULATIVE-FICTION FANTASY"
"465","MYSTERY SUSPENSE FICTION"
"466","SPECULATIVE-FICTION SCIENCE-FICTION YOUNG-ADULT-LITERATURE FANTASY"
"467","SPECULATIVE-FICTION HISTORICAL-NOVEL SCIENCE-FICTION FANTASY"
"468","SCIENCE-FICTION ALTERNATE-HISTORY"
"469","CHILDREN'S-LITERATURE FICTION YOUNG-ADULT-LITERATURE"
"470","HIGH-FANTASY SPECULATIVE-FICTION THRILLER HISTORICAL-NOVEL SCIENCE-FICTION FANTASY"
"471","SPECULATIVE-FICTION SCIENCE-FICTION"
"472","MYSTERY SPY-FICTION SUSPENSE SPECULATIVE-FICTION THRILLER"
"473","FICTION NON-FICTION"
"474","MYSTERY FICTION"
"475","CHILDREN'S-LITERATURE FICTION"
"476","NOVEL ROMANCE-NOVEL FICTION"
"477","SPECULATIVE-FICTION SCIENCE-FICTION"
"478","NOVEL FICTION"
"479","SPECULATIVE-FICTION FANTASY"
"480","SPECULATIVE-FICTION"
"481","SPECULATIVE-FICTION"
"482","MYSTERY SUSPENSE CRIME-FICTION THRILLER FICTION"
"483","CHILDREN'S-LITERATURE FICTION"
"484",""
"485","SPECULATIVE-FICTION SCIENCE-FICTION"
"486","CHILDREN'S-LITERATURE FICTION FANTASY"
"487","SPECULATIVE-FICTION SCIENCE-FICTION"
"488","NOVEL CHILDREN'S-LITERATURE FICTION YOUNG-ADULT-LITERATURE"
"489","SPECULATIVE-FICTION SCIENCE-FICTION FANTASY"
"490","NOVEL YOUNG-ADULT-LITERATURE"
"491","NOVEL FICTION YOUNG-ADULT-LITERATURE"
"492","HISTORICAL-NOVEL SCIENCE-FICTION ALTERNATE-HISTORY WAR-NOVEL"
"493","NOVEL MYSTERY SPECULATIVE-FICTION FICTION"
"494","SPECULATIVE-FICTION SCIENCE-FICTION FANTASY"
"495","MYSTERY SPY-FICTION SUSPENSE THRILLER FICTION"
"496","THRILLER MEMOIR"
"497","NOVEL FICTION"
"498","NOVEL FICTION"
"499","SPECULATIVE-FICTION FANTASY"
"500","SPECULATIVE-FICTION FANTASY"
"501","MYSTERY SUSPENSE FICTION"
"502","HISTORICAL-FICTION SCIENCE-FICTION"
"503","DETECTIVE-FICTION MYSTERY SUSPENSE FICTION"
"504","MYSTERY SUSPENSE CHILDREN'S-LITERATURE ROMANCE-NOVEL YOUNG-ADULT-LITERATURE"
"505","SPY-FICTION THRILLER"
"506","SPY-FICTION THRILLER"
"507","SPECULATIVE-FICTION FICTION SCIENCE-FICTION YOUNG-ADULT-LITERATURE FANTASY"
"508","NOVEL MYSTERY FICTION"
"509",""
"510","DETECTIVE-FICTION MYSTERY CRIME-FICTION THRILLER HISTORICAL-NOVEL YOUNG-ADULT-LITERATURE ADVENTURE-NOVEL"
"511","NOVEL SPECULATIVE-FICTION FANTASY"
"512","NOVEL CHILDREN'S-LITERATURE ROMANCE-NOVEL FICTION"
"513","DETECTIVE-FICTION MYSTERY CHILDREN'S-LITERATURE FICTION"
"514","HISTORICAL-FICTION NOVEL AUTOBIOGRAPHICAL-NOVEL FICTION HISTORICAL-NOVEL"
"515",""
"516","NOVEL SPECULATIVE-FICTION"
"517","CHILDREN'S-LITERATURE"
"518","SHORT-STORY SPECULATIVE-FICTION HISTORICAL-NOVEL FANTASY"
"519","CHILDREN'S-LITERATURE SPECULATIVE-FICTION ROMANCE-NOVEL FICTION FANTASY"
"520","MYSTERY SUSPENSE CRIME-FICTION FICTION"
"521","NOVEL FICTION"
"522","SPECULATIVE-FICTION SCIENCE-FICTION"
"523","NOVEL ROMANCE-NOVEL FICTION YOUNG-ADULT-LITERATURE"
"524","SHORT-STORY SPECULATIVE-FICTION FANTASY"
"525","NOVEL COMEDY COMIC-NOVEL NON-FICTION BIOGRAPHY MEMOIR"
"526","SHORT-STORY SPECULATIVE-FICTION FANTASY"
"527","NOVEL SPECULATIVE-FICTION FICTION"
"528","SCIENCE-FICTION ALTERNATE-HISTORY"
"529",""
"530","NOVEL MYSTERY CRIME-FICTION HISTORY"
"531","DETECTIVE-FICTION MYSTERY CHILDREN'S-LITERATURE THRILLER"
"532","DETECTIVE-FICTION NOVEL MYSTERY CHILDREN'S-LITERATURE YOUNG-ADULT-LITERATURE"
"533","DETECTIVE-FICTION MYSTERY CHILDREN'S-LITERATURE CRIME-FICTION THRILLER YOUNG-ADULT-LITERATURE"
"534","CHILDREN'S-LITERATURE FICTION YOUNG-ADULT-LITERATURE"
"535","SPECULATIVE-FICTION FANTASY"
"536","SPECULATIVE-FICTION FANTASY"
"537","CHILDREN'S-LITERATURE FICTION"
"538","NOVEL FICTION"
"539","HISTORICAL-FICTION NOVEL SPECULATIVE-FICTION FICTION HISTORICAL-NOVEL FANTASY"
"540","SHORT-STORY SPECULATIVE-FICTION FANTASY"
"541","NOVEL CHILDREN'S-LITERATURE FICTION"
"542","NOVEL CHILDREN'S-LITERATURE FICTION YOUNG-ADULT-LITERATURE HORROR"
"543","SPECULATIVE-FICTION SCIENCE-FICTION FANTASY ADVENTURE-NOVEL"
"544","DETECTIVE-FICTION NOVEL MYSTERY CHILDREN'S-LITERATURE FICTION"
"545","HISTORICAL-FICTION NOVEL HISTORICAL-NOVEL"
"546","SCIENCE-FICTION"
"547","NOVEL ROMANCE-NOVEL"
"548","NOVEL SPY-FICTION THRILLER ADVENTURE-NOVEL"
"549","NOVEL FICTION"
"550",""
"551","NOVEL CHILDREN'S-LITERATURE FICTION"
"552",""
"553","SPECULATIVE-FICTION SCIENCE-FICTION FANTASY"
"554","HISTORICAL-FICTION THRILLER ALTERNATE-HISTORY"
"555","HISTORICAL-FICTION FICTION"
"556","NOVEL CHILDREN'S-LITERATURE FICTION YOUNG-ADULT-LITERATURE"
"557","NOVEL FICTION"
"558","NOVEL FICTION"
"559","NOVEL SPECULATIVE-FICTION FICTION"
"560","SPECULATIVE-FICTION"
"561","NOVEL SPECULATIVE-FICTION FICTION"
"562","MYSTERY SUSPENSE CRIME-FICTION FICTION"
"563","CHILDREN'S-LITERATURE FICTION YOUNG-ADULT-LITERATURE"
"564","DETECTIVE-FICTION MYSTERY SUSPENSE CRIME-FICTION THRILLER FICTION"
"565","MYSTERY SUSPENSE CRIME-FICTION THRILLER"
"566","HISTORICAL-FICTION NOVEL MYSTERY SUSPENSE FICTION HISTORICAL-NOVEL ALTERNATE-HISTORY"
"567","SPECULATIVE-FICTION THRILLER HISTORICAL-NOVEL SCIENCE-FICTION"
"568","CHILDREN'S-LITERATURE YOUNG-ADULT-LITERATURE"
"569","CHILDREN'S-LITERATURE SPECULATIVE-FICTION SCIENCE-FICTION"
"570","NOVEL FICTION"
"571","MYSTERY SUSPENSE CRIME-FICTION YOUNG-ADULT-LITERATURE"
"572","CHILDREN'S-LITERATURE FICTION FANTASY"
"573","NOVEL YOUNG-ADULT-LITERATURE"
"574","ALTERNATE-HISTORY NON-FICTION HISTORY"
"575","NOVEL CHILDREN'S-LITERATURE SPECULATIVE-FICTION YOUNG-ADULT-LITERATURE"
"576","NOVEL CHILDREN'S-LITERATURE FICTION YOUNG-ADULT-LITERATURE"
"577","NOVEL CHILDREN'S-LITERATURE ROMANCE-NOVEL FICTION YOUNG-ADULT-LITERATURE"
"578","NOVEL CHILDREN'S-LITERATURE FICTION YOUNG-ADULT-LITERATURE"
"579","CHILDREN'S-LITERATURE FICTION YOUNG-ADULT-LITERATURE"
"580","MYSTERY CHILDREN'S-LITERATURE SPECULATIVE-FICTION HORROR FANTASY"
"581","NOVEL FICTION SCIENCE-FICTION"
"582","NOVEL"
"583","NOVEL MYSTERY THRILLER FICTION"
"584","CHILDREN'S-LITERATURE YOUNG-ADULT-LITERATURE"
"585","MYSTERY SUSPENSE THRILLER FICTION"
"586","SPECULATIVE-FICTION FANTASY"
"587","NOVEL CHILDREN'S-LITERATURE FICTION YOUNG-ADULT-LITERATURE"
"588","MYSTERY SUSPENSE CRIME-FICTION THRILLER FICTION"
"589","NOVEL CHILDREN'S-LITERATURE ROMANCE-NOVEL YOUNG-ADULT-LITERATURE"
"590","NOVEL FICTION"
"591","NOVEL CHILDREN'S-LITERATURE FICTION YOUNG-ADULT-LITERATURE"
"592","NOVEL CRIME-FICTION THRILLER FICTION"
"593","MYSTERY SPECULATIVE-FICTION HISTORICAL-NOVEL SCIENCE-FICTION FANTASY"
"594","NOVEL MYSTERY FICTION"
"595","SPECULATIVE-FICTION FICTION FANTASY"
"596","SPECULATIVE-FICTION SCIENCE-FICTION FANTASY"
"597","NOVEL FICTION"
"598","CHILDREN'S-LITERATURE YOUNG-ADULT-LITERATURE FANTASY"
"599","SPECULATIVE-FICTION THRILLER HORROR FANTASY"
"600","CHILDREN'S-LITERATURE SPECULATIVE-FICTION FANTASY"
"601","MYSTERY CHILDREN'S-LITERATURE YOUNG-ADULT-LITERATURE"
"602","CHILDREN'S-LITERATURE SPECULATIVE-FICTION SCIENCE-FICTION FANTASY"
"603","SPECULATIVE-FICTION THRILLER SCIENCE-FICTION"
"604","SPECULATIVE-FICTION SCIENCE-FICTION"
"605","SPECULATIVE-FICTION SCIENCE-FICTION"
"606","DETECTIVE-FICTION MYSTERY SUSPENSE CRIME-FICTION HISTORY"
"607","DETECTIVE-FICTION MYSTERY"
"608",""
"609","NOVEL FICTION"
"610","HISTORICAL-NOVEL"
"611","NOVEL"
"612","SPECULATIVE-FICTION SCIENCE-FICTION"
"613","CHILDREN'S-LITERATURE FICTION YOUNG-ADULT-LITERATURE"
"614","MYSTERY THRILLER FICTION MEMOIR"
"615","NOVEL MYSTERY SUSPENSE CHILDREN'S-LITERATURE CRIME-FICTION THRILLER YOUNG-ADULT-LITERATURE"
"616","SPECULATIVE-FICTION SCIENCE-FICTION FANTASY"
"617","CHILDREN'S-LITERATURE FICTION FANTASY ADVENTURE-NOVEL"
"618","FANTASY"
"619","NOVEL"
"620","NOVEL"
"621","NOVEL SPECULATIVE-FICTION THRILLER SCIENCE-FICTION ALTERNATE-HISTORY"
"622","NOVEL DYSTOPIA CRIME-FICTION FICTION HISTORICAL-NOVEL WAR-NOVEL"
"623","NOVEL ROMANCE-NOVEL FICTION HORROR"
"624","SPECULATIVE-FICTION SCIENCE-FICTION"
"625","NOVEL MYSTERY SUSPENSE SPECULATIVE-FICTION FICTION HISTORICAL-NOVEL HORROR FANTASY"
"626","NOVEL CHILDREN'S-LITERATURE FICTION"
"627",""
"628","CHILDREN'S-LITERATURE SPECULATIVE-FICTION FANTASY"
"629","NOVEL CHILDREN'S-LITERATURE SPECULATIVE-FICTION FICTION HISTORICAL-NOVEL FANTASY"
"630","SPECULATIVE-FICTION FANTASY ADVENTURE-NOVEL"
"631","HISTORICAL-FICTION SPECULATIVE-FICTION HISTORICAL-NOVEL FANTASY ADVENTURE-NOVEL"
"632","DETECTIVE-FICTION SPECULATIVE-FICTION ADVENTURE-NOVEL"
"633","HISTORICAL-FICTION SPECULATIVE-FICTION ADVENTURE-NOVEL"
"634","CHILDREN'S-LITERATURE SPECULATIVE-FICTION FICTION FANTASY"
"635","DETECTIVE-FICTION NOVEL MYSTERY SUSPENSE CRIME-FICTION FICTION"
"636","SPECULATIVE-FICTION FANTASY"
"637","NOVEL ROMANCE-NOVEL"
"638","DETECTIVE-FICTION MYSTERY SUSPENSE CRIME-FICTION"
"639","DETECTIVE-FICTION MYSTERY SUSPENSE CRIME-FICTION"
"640","NOVEL FICTION"
"641","CRIME-FICTION"
"642","NOVEL MYSTERY SUSPENSE CRIME-FICTION FICTION"
"643","CHILDREN'S-LITERATURE ROMANCE-NOVEL YOUNG-ADULT-LITERATURE FANTASY"
"644","NOVEL FICTION YOUNG-ADULT-LITERATURE"
"645","CHILDREN'S-LITERATURE FICTION YOUNG-ADULT-LITERATURE"
"646","CHILDREN'S-LITERATURE"
"647","NOVEL FICTION"
"648","NOVEL FICTION"
"649","HISTORICAL-FICTION HISTORICAL-NOVEL ALTERNATE-HISTORY"
"650","NOVEL SPECULATIVE-FICTION THRILLER SCIENCE-FICTION ALTERNATE-HISTORY"
"651","NOVEL ROMANCE-NOVEL FICTION"
"652","NOVEL MYSTERY SUSPENSE CRIME-FICTION FICTION"
"653","NOVEL FICTION YOUNG-ADULT-LITERATURE AUTOBIOGRAPHY"
"654","HISTORICAL-FICTION MYSTERY SUSPENSE CRIME-FICTION THRILLER FICTION HISTORICAL-NOVEL"
"655","HISTORICAL-FICTION NOVEL SPECULATIVE-FICTION FICTION HISTORICAL-NOVEL ALTERNATE-HISTORY FANTASY"
"656","SPECULATIVE-FICTION FANTASY"
"657","NOVEL SUSPENSE CRIME-FICTION FICTION"
"658","SPECULATIVE-FICTION FICTION"
"659","NOVEL SPECULATIVE-FICTION FICTION"
"660","NOVEL FICTION"
"661","DETECTIVE-FICTION MYSTERY SUSPENSE CHILDREN'S-LITERATURE FICTION"
"662","NOVEL ROMANCE-NOVEL"
"663","NOVEL SPECULATIVE-FICTION SCIENCE-FICTION"
"664","NOVEL FICTION NON-FICTION AUTOBIOGRAPHY"
"665","NOVEL FICTION"
"666","NOVEL FICTION"
"667","CHILDREN'S-LITERATURE SPECULATIVE-FICTION SCIENCE-FICTION"
"668","CHILDREN'S-LITERATURE SPECULATIVE-FICTION SCIENCE-FICTION FANTASY"
"669","NOVEL MYSTERY SUSPENSE CHILDREN'S-LITERATURE FICTION"
"670","HISTORICAL-FICTION NOVEL SUSPENSE ROMANCE-NOVEL"
"671","CHILDREN'S-LITERATURE FICTION"
"672","SPECULATIVE-FICTION SCIENCE-FICTION"
"673","NOVEL CHILDREN'S-LITERATURE FICTION YOUNG-ADULT-LITERATURE"
"674","SPECULATIVE-FICTION FANTASY"
"675","MYSTERY CHILDREN'S-LITERATURE FICTION YOUNG-ADULT-LITERATURE"
"676","THRILLER"
"677","SPY-FICTION CHILDREN'S-LITERATURE"
"678","SPECULATIVE-FICTION SCIENCE-FICTION FANTASY"
"679","SPECULATIVE-FICTION SCIENCE-FICTION HORROR"
"680","MYSTERY CHILDREN'S-LITERATURE YOUNG-ADULT-LITERATURE"
"681","HISTORICAL-FICTION FICTION HISTORICAL-NOVEL HISTORY"
"682","MYSTERY SUSPENSE CRIME-FICTION FICTION"
"683","MYSTERY CHILDREN'S-LITERATURE FICTION YOUNG-ADULT-LITERATURE ADVENTURE-NOVEL"
"684","DETECTIVE-FICTION MYSTERY SUSPENSE CRIME-FICTION THRILLER ALTERNATE-HISTORY NON-FICTION"
"685","CHILDREN'S-LITERATURE SPECULATIVE-FICTION SCIENCE-FICTION FANTASY"
"686","NOVEL FICTION"
"687","NOVEL FICTION NON-FICTION"
"688","CHILDREN'S-LITERATURE YOUNG-ADULT-LITERATURE FANTASY"
"689","HISTORICAL-FICTION MYSTERY SPY-FICTION DYSTOPIA SUSPENSE SPECULATIVE-FICTION CRIME-FICTION THRILLER SCIENCE-FICTION TECHNO-THRILLER YOUNG-ADULT-LITERATURE FANTASY ADVENTURE-NOVEL"
"690","CHILDREN'S-LITERATURE SPECULATIVE-FICTION YOUNG-ADULT-LITERATURE FANTASY"
"691","CHILDREN'S-LITERATURE YOUNG-ADULT-LITERATURE"
"692","CHILDREN'S-LITERATURE FICTION YOUNG-ADULT-LITERATURE"
"693","CHILDREN'S-LITERATURE SPECULATIVE-FICTION SCIENCE-FICTION FANTASY"
"694","NOVEL ROMANCE-NOVEL FICTION"
"695","NOVEL FICTION"
"696","CHILDREN'S-LITERATURE SPECULATIVE-FICTION FANTASY"
"697","NOVEL NON-FICTION"
"698","CHILDREN'S-LITERATURE SPECULATIVE-FICTION ROMANCE-NOVEL FICTION HORROR FANTASY"
"699","SPECULATIVE-FICTION SCIENCE-FICTION"
"700","FICTION NON-FICTION"
"701","SCIENCE-FICTION NON-FICTION"
"702",""
"703","NOVEL SUSPENSE CRIME-FICTION FICTION"
"704","CHILDREN'S-LITERATURE SPECULATIVE-FICTION FICTION FANTASY"
"705","CHILDREN'S-LITERATURE SPECULATIVE-FICTION FANTASY"
"706","ROMANCE-NOVEL FICTION YOUNG-ADULT-LITERATURE"
"707","CHILDREN'S-LITERATURE SPECULATIVE-FICTION FICTION SCIENCE-FICTION"
"708","MYSTERY SUSPENSE CHILDREN'S-LITERATURE FICTION"
"709","NOVEL COMEDY"
"710","NOVEL FICTION YOUNG-ADULT-LITERATURE"
"711","SPECULATIVE-FICTION FICTION FANTASY"
"712","CHILDREN'S-LITERATURE"
"713","NOVEL SPECULATIVE-FICTION SCIENCE-FICTION HISTORY"
"714","MYSTERY CHILDREN'S-LITERATURE FICTION YOUNG-ADULT-LITERATURE FANTASY"
"715","ADVENTURE-NOVEL"
"716","NOVEL ADVENTURE-NOVEL"
"717","NOVEL SPECULATIVE-FICTION SCIENCE-FICTION NON-FICTION BIOGRAPHY MEMOIR"
"718","NOVEL MYSTERY SUSPENSE CRIME-FICTION THRILLER FICTION"
"719","FICTION"
"720","MYSTERY SUSPENSE CHILDREN'S-LITERATURE SPECULATIVE-FICTION FICTION FANTASY"
"721","SPECULATIVE-FICTION"
"722","NOVEL FICTION YOUNG-ADULT-LITERATURE"
"723","MYSTERY SUSPENSE CRIME-FICTION FICTION"
"724","SPECULATIVE-FICTION SCIENCE-FICTION"
"725","DYSTOPIA SPECULATIVE-FICTION SCIENCE-FICTION"
"726","SPECULATIVE-FICTION THRILLER SCIENCE-FICTION"
"727","CHILDREN'S-LITERATURE SPECULATIVE-FICTION FANTASY"
"728","NOVEL CHILDREN'S-LITERATURE FICTION YOUNG-ADULT-LITERATURE"
"729","SPECULATIVE-FICTION SCIENCE-FICTION"
"730","SPECULATIVE-FICTION SCIENCE-FICTION"
"731","DETECTIVE-FICTION MYSTERY SUSPENSE CRIME-FICTION FICTION"
"732","SPECULATIVE-FICTION SCIENCE-FICTION"
"733","DETECTIVE-FICTION MYSTERY SUSPENSE CRIME-FICTION"
"734","SPECULATIVE-FICTION FICTION FANTASY"
"735","DETECTIVE-FICTION MYSTERY SUSPENSE CRIME-FICTION FICTION"
"736","NOVEL FICTION YOUNG-ADULT-LITERATURE HORROR"
"737","NOVEL MYSTERY SUSPENSE CRIME-FICTION FICTION YOUNG-ADULT-LITERATURE"
"738","NOVEL CHILDREN'S-LITERATURE SPECULATIVE-FICTION FANTASY"
"739","MYSTERY SUSPENSE CRIME-FICTION THRILLER FICTION"
"740","MYSTERY SUSPENSE CRIME-FICTION"
"741","HISTORICAL-FICTION HISTORICAL-NOVEL ALTERNATE-HISTORY FANTASY"
"742","DETECTIVE-FICTION MYSTERY SUSPENSE CRIME-FICTION FICTION"
"743","NOVEL ROMANCE-NOVEL FICTION"
"744","NOVEL FICTION"
"745","CHILDREN'S-LITERATURE ROMANCE-NOVEL"
"746","NOVEL SPECULATIVE-FICTION"
"747","NOVEL SUSPENSE THRILLER FICTION YOUNG-ADULT-LITERATURE"
"748","CHILDREN'S-LITERATURE YOUNG-ADULT-LITERATURE"
"749","SPECULATIVE-FICTION SCIENCE-FICTION FANTASY"
"750","MYSTERY SUSPENSE CRIME-FICTION FICTION"
"751","DETECTIVE-FICTION MYSTERY SUSPENSE FICTION"
"752","MYSTERY SUSPENSE FICTION"
"753","NOVEL"
"754","NOVEL"
"755","MYSTERY"
"756","MYSTERY SUSPENSE CHILDREN'S-LITERATURE"
"757","HISTORICAL-FICTION SPECULATIVE-FICTION HISTORICAL-NOVEL SCIENCE-FICTION ALTERNATE-HISTORY FANTASY"
"758","NOVEL MYSTERY SUSPENSE CRIME-FICTION THRILLER FICTION"
"759","NOVEL CHILDREN'S-LITERATURE SPECULATIVE-FICTION HISTORICAL-NOVEL SCIENCE-FICTION FANTASY"
"760","NOVEL SUSPENSE ROMANCE-NOVEL FICTION HORROR"
"761","SUSPENSE CHILDREN'S-LITERATURE FICTION"
"762","NOVEL YOUNG-ADULT-LITERATURE"
"763","NOVEL"
"764","SPECULATIVE-FICTION SCIENCE-FICTION"
"765","NOVEL FICTION"
"766","NOVEL ROMANCE-NOVEL FICTION YOUNG-ADULT-LITERATURE"
"767","NOVEL SUSPENSE THRILLER FICTION"
"768","NOVEL CHILDREN'S-LITERATURE YOUNG-ADULT-LITERATURE"
"769","SPECULATIVE-FICTION FICTION YOUNG-ADULT-LITERATURE FANTASY"
"770","NOVEL FICTION"
"771","NOVEL CHILDREN'S-LITERATURE FICTION YOUNG-ADULT-LITERATURE"
"772","MYSTERY SPECULATIVE-FICTION FANTASY"
"773","CHILDREN'S-LITERATURE SPECULATIVE-FICTION SCIENCE-FICTION FANTASY"
"774","CHILDREN'S-LITERATURE SPECULATIVE-FICTION FANTASY"
"775","FICTION YOUNG-ADULT-LITERATURE"
"776","SPECULATIVE-FICTION SCIENCE-FICTION"
"777","CHILDREN'S-LITERATURE SPECULATIVE-FICTION HISTORICAL-NOVEL FANTASY ADVENTURE-NOVEL"
"778","SPECULATIVE-FICTION"
"779","CHILDREN'S-LITERATURE YOUNG-ADULT-LITERATURE"
"780","DETECTIVE-FICTION SPECULATIVE-FICTION THRILLER FICTION SCIENCE-FICTION"
"781","CHILDREN'S-LITERATURE YOUNG-ADULT-LITERATURE"
"782","NOVEL COMEDY ROMANCE-NOVEL FICTION COMIC-NOVEL MEMOIR"
"783","NOVEL SPECULATIVE-FICTION SCIENCE-FICTION YOUNG-ADULT-LITERATURE"
"784","NOVEL FICTION"
"785","MYSTERY SUSPENSE CRIME-FICTION FICTION"
"786","CHILDREN'S-LITERATURE FICTION YOUNG-ADULT-LITERATURE"
"787","NOVEL CHILDREN'S-LITERATURE YOUNG-ADULT-LITERATURE"
"788","NOVEL MYSTERY SUSPENSE CRIME-FICTION THRILLER FICTION"
"789","SPY-FICTION THRILLER"
"790","SPECULATIVE-FICTION FICTION SCIENCE-FICTION FANTASY"
"791","SHORT-STORY HISTORICAL-FICTION SPECULATIVE-FICTION FICTION SCIENCE-FICTION FANTASY"
"792","NOVEL FANTASY"
"793","HISTORICAL-FICTION COMEDY SPY-FICTION THRILLER FICTION HISTORY WAR-NOVEL MEMOIR"
"794","MYSTERY SUSPENSE THRILLER"
"795","NOVEL MYSTERY SUSPENSE CRIME-FICTION FICTION"
"796","NOVEL MYSTERY SUSPENSE CRIME-FICTION THRILLER FICTION"
"797","FICTION FANTASY"
"798",""
"799","SUSPENSE CRIME-FICTION THRILLER FICTION"
"800","SPECULATIVE-FICTION FICTION"
"801","DETECTIVE-FICTION MYSTERY SUSPENSE CRIME-FICTION FICTION"
"802","CHILDREN'S-LITERATURE FICTION YOUNG-ADULT-LITERATURE"
"803","DETECTIVE-FICTION MYSTERY SUSPENSE THRILLER ALTERNATE-HISTORY WAR-NOVEL"
"804","DETECTIVE-FICTION NOVEL MYSTERY SUSPENSE CRIME-FICTION FICTION"
"805","DETECTIVE-FICTION MYSTERY CHILDREN'S-LITERATURE SPECULATIVE-FICTION HISTORICAL-NOVEL HORROR FANTASY"
"806","DETECTIVE-FICTION MYSTERY SUSPENSE CHILDREN'S-LITERATURE FICTION"
"807","MYSTERY SUSPENSE FICTION"
"808","MYSTERY SUSPENSE CHILDREN'S-LITERATURE CRIME-FICTION FICTION FANTASY"
"809","NOVEL MYSTERY SUSPENSE FICTION"
"810","DETECTIVE-FICTION MYSTERY SUSPENSE CRIME-FICTION FICTION"
"811","NOVEL FICTION"
"812","NOVEL MYSTERY SUSPENSE SPECULATIVE-FICTION CRIME-FICTION FICTION SCIENCE-FICTION"
"813","DETECTIVE-FICTION NOVEL MYSTERY SUSPENSE FICTION"
"814","CHILDREN'S-LITERATURE HORROR"
"815","MYSTERY CHILDREN'S-LITERATURE SPECULATIVE-FICTION ROMANCE-NOVEL FICTION HORROR FANTASY"
"816","SPECULATIVE-FICTION SCIENCE-FICTION FANTASY"
"817","HISTORICAL-FICTION DETECTIVE-FICTION MYSTERY SUSPENSE CRIME-FICTION HISTORICAL-NOVEL"
"818","SPECULATIVE-FICTION SCIENCE-FICTION ALTERNATE-HISTORY"
"819","NOVEL MYSTERY SUSPENSE FICTION"
"820","NOVEL SPECULATIVE-FICTION FICTION SCIENCE-FICTION"
"821","HISTORICAL-FICTION NOVEL FICTION HISTORY"
"822","NOVEL HISTORICAL-NOVEL"
"823","NOVEL FICTION"
"824","NOVEL SPECULATIVE-FICTION FICTION HISTORICAL-NOVEL FANTASY"
"825","NOVEL CHILDREN'S-LITERATURE ROMANCE-NOVEL FICTION YOUNG-ADULT-LITERATURE"
"826","SPECULATIVE-FICTION THRILLER SCIENCE-FICTION"
"827","NOVEL FICTION"
"828","SPECULATIVE-FICTION SCIENCE-FICTION"
"829","NOVEL"
"830","CHILDREN'S-LITERATURE SPECULATIVE-FICTION FANTASY"
"831","CHILDREN'S-LITERATURE SPECULATIVE-FICTION FICTION FANTASY"
"832","CHILDREN'S-LITERATURE SPECULATIVE-FICTION SCIENCE-FICTION"
"833","CHILDREN'S-LITERATURE SPECULATIVE-FICTION SCIENCE-FICTION"
"834","CHILDREN'S-LITERATURE SPECULATIVE-FICTION APOCALYPTIC-AND-POST-APOCALYPTIC-FICTION SCIENCE-FICTION"
"835","NOVEL MYSTERY CHILDREN'S-LITERATURE FICTION YOUNG-ADULT-LITERATURE"
"836","DETECTIVE-FICTION MYSTERY SUSPENSE FANTASY"
"837","NOVEL FICTION AUTOBIOGRAPHY"
"838","CHILDREN'S-LITERATURE SPECULATIVE-FICTION"
"839","SPECULATIVE-FICTION SCIENCE-FICTION ADVENTURE-NOVEL"
"840","NOVEL FICTION"
"841","DETECTIVE-FICTION MYSTERY SUSPENSE CRIME-FICTION THRILLER FICTION"
"842","DETECTIVE-FICTION NOVEL MYSTERY SUSPENSE CHILDREN'S-LITERATURE ROMANCE-NOVEL FICTION NON-FICTION AUTOBIOGRAPHY FANTASY MEMOIR"
"843","MYSTERY SUSPENSE CRIME-FICTION FICTION"
"844","NOVEL SUSPENSE CRIME-FICTION THRILLER FICTION"
"845","NOVEL FICTION YOUNG-ADULT-LITERATURE"
"846","SPECULATIVE-FICTION HISTORICAL-NOVEL FANTASY"
"847","NOVEL CHILDREN'S-LITERATURE ROMANCE-NOVEL FICTION YOUNG-ADULT-LITERATURE"
"848","FANTASY"
"849","NOVEL CHILDREN'S-LITERATURE FICTION SATIRE"
"850","FICTION"
"851","SPECULATIVE-FICTION FICTION"
"852","HISTORICAL-FICTION NOVEL ROMANCE-NOVEL FICTION HISTORICAL-NOVEL"
"853","NOVEL THRILLER"
"854","HISTORICAL-FICTION NOVEL AUTOBIOGRAPHICAL-NOVEL FICTION"
"855","SPECULATIVE-FICTION SCIENCE-FICTION"
"856","NOVEL FICTION"
"857","SPECULATIVE-FICTION THRILLER SCIENCE-FICTION ALTERNATE-HISTORY"
"858","SPECULATIVE-FICTION FANTASY"
"859","FICTION HISTORICAL-NOVEL"
"860","SPECULATIVE-FICTION SCIENCE-FICTION FANTASY"
"861","DETECTIVE-FICTION MYSTERY SUSPENSE CRIME-FICTION FICTION"
"862","MYSTERY SUSPENSE THRILLER FICTION"
"863","CHILDREN'S-LITERATURE FICTION HISTORICAL-NOVEL"
"864","SPY-FICTION SPECULATIVE-FICTION THRILLER HISTORICAL-NOVEL SCIENCE-FICTION"
"865","MYSTERY SUSPENSE CRIME-FICTION FICTION MEMOIR"
"866","FICTION"
"867","CHILDREN'S-LITERATURE FICTION YOUNG-ADULT-LITERATURE"
"868","DETECTIVE-FICTION MYSTERY"
"869","DETECTIVE-FICTION MYSTERY CHILDREN'S-LITERATURE FICTION"
"870","DETECTIVE-FICTION MYSTERY SUSPENSE CRIME-FICTION"
"871",""
"872","DETECTIVE-FICTION NOVEL MYSTERY SUSPENSE CRIME-FICTION FICTION"
"873","SPECULATIVE-FICTION SCIENCE-FICTION"
"874","NOVEL CHILDREN'S-LITERATURE"
"875","NOVEL MYSTERY THRILLER FICTION"
"876","HISTORICAL-FICTION HISTORICAL-NOVEL FANTASY"
"877","CHILDREN'S-LITERATURE SPECULATIVE-FICTION FANTASY"
"878","SPECULATIVE-FICTION SCIENCE-FICTION"
"879","SPECULATIVE-FICTION SCIENCE-FICTION"
"880",""
"881","NOVEL FICTION"
"882","SPECULATIVE-FICTION FANTASY"
"883","MYSTERY SPECULATIVE-FICTION HORROR"
"884","MYSTERY SUSPENSE CHILDREN'S-LITERATURE CRIME-FICTION FICTION"
"885","NOVEL FICTION"
"886","HISTORICAL-FICTION NOVEL ROMANCE-NOVEL"
"887","CHILDREN'S-LITERATURE THRILLER"
"888","MYSTERY SUSPENSE CRIME-FICTION THRILLER"
"889","NOVEL ROMANCE-NOVEL FICTION"
"890","NOVEL MYSTERY SUSPENSE FICTION"
"891","NOVEL MYSTERY SUSPENSE FICTION"
"892","CHILDREN'S-LITERATURE YOUNG-ADULT-LITERATURE"
"893","SPECULATIVE-FICTION FICTION"
"894","MYSTERY SUSPENSE CRIME-FICTION THRILLER FICTION"
"895","FICTION"
"896","NOVEL AUTOBIOGRAPHICAL-NOVEL HISTORICAL-NOVEL ALTERNATE-HISTORY HISTORY"
"897","NOVEL CHILDREN'S-LITERATURE"
"898","NOVEL FICTION NON-FICTION AUTOBIOGRAPHY BIOGRAPHY"
"899","NOVEL SPECULATIVE-FICTION FICTION HISTORY"
"900","SPECULATIVE-FICTION FANTASY"
"901","NOVEL FICTION NON-FICTION AUTOBIOGRAPHY"
"902","SPECULATIVE-FICTION SCIENCE-FICTION"
"903","MYSTERY SUSPENSE CRIME-FICTION THRILLER FICTION"
"904","SPECULATIVE-FICTION SCIENCE-FICTION"
"905","SPECULATIVE-FICTION SCIENCE-FICTION FANTASY"
"906","SPECULATIVE-FICTION THRILLER SCIENCE-FICTION"
"907","HISTORICAL-FICTION NOVEL SPECULATIVE-FICTION HISTORICAL-NOVEL FANTASY"
"908","NOVEL SPECULATIVE-FICTION FICTION SCIENCE-FICTION ALTERNATE-HISTORY"
"909","HISTORICAL-FICTION NOVEL SUSPENSE FICTION HISTORICAL-NOVEL FANTASY"
"910","SPECULATIVE-FICTION FANTASY"
"911","CHILDREN'S-LITERATURE FICTION YOUNG-ADULT-LITERATURE"
"912","CHILDREN'S-LITERATURE SPECULATIVE-FICTION FANTASY"
"913","SPECULATIVE-FICTION FICTION SCIENCE-FICTION FANTASY"
"914","CHILDREN'S-LITERATURE SPECULATIVE-FICTION FANTASY"
"915","NOVEL FICTION"
"916","YOUNG-ADULT-LITERATURE ADVENTURE-NOVEL"
"917","NOVEL AUTOBIOGRAPHICAL-NOVEL MYSTERY ROMANCE-NOVEL FICTION HISTORICAL-NOVEL"
"918","NOVEL CHILDREN'S-LITERATURE FICTION YOUNG-ADULT-LITERATURE"
"919","NOVEL CHILDREN'S-LITERATURE FICTION YOUNG-ADULT-LITERATURE"
"920","CHILDREN'S-LITERATURE YOUNG-ADULT-LITERATURE ADVENTURE-NOVEL"
"921","NOVEL MYSTERY CRIME-FICTION FICTION"
"922","MYSTERY SUSPENSE ROMANCE-NOVEL CRIME-FICTION THRILLER"
"923","NOVEL FICTION YOUNG-ADULT-LITERATURE"
"924","NOVEL MYSTERY SUSPENSE CHILDREN'S-LITERATURE FICTION YOUNG-ADULT-LITERATURE"
"925","NOVEL FICTION"
"926","SPECULATIVE-FICTION SCIENCE-FICTION FANTASY"
"927","NOVEL COMEDY SUSPENSE FICTION HISTORICAL-NOVEL"
"928","NOVEL CHILDREN'S-LITERATURE CRIME-FICTION FICTION YOUNG-ADULT-LITERATURE"
"929","MYSTERY SUSPENSE FICTION"
"930","SPECULATIVE-FICTION SCIENCE-FICTION FANTASY"
"931","SPECULATIVE-FICTION SCIENCE-FICTION"
"932","NOVEL SUSPENSE ROMANCE-NOVEL FICTION SCIENCE-FICTION"
"933","MYSTERY FICTION"
"934","SPECULATIVE-FICTION FANTASY"
"935","CHILDREN'S-LITERATURE SPECULATIVE-FICTION FANTASY"
"936","SPECULATIVE-FICTION FANTASY"
"937","NOVEL COMEDY FICTION NON-FICTION SATIRE"
"938","FICTION HISTORICAL-NOVEL FANTASY"
"939","CHILDREN'S-LITERATURE"
"940","CHILDREN'S-LITERATURE FICTION FANTASY"
"941","CHILDREN'S-LITERATURE FICTION"
"942","FICTION"
"943","CHILDREN'S-LITERATURE FICTION"
"944","NOVEL ROMANCE-NOVEL FICTION HISTORICAL-NOVEL"
"945","HISTORICAL-FICTION NOVEL ROMANCE-NOVEL FICTION"
"946","NOVEL THRILLER FICTION NON-FICTION"
"947","NOVEL CHILDREN'S-LITERATURE YOUNG-ADULT-LITERATURE"
"948","SPECULATIVE-FICTION FANTASY"
"949","SPECULATIVE-FICTION SCIENCE-FICTION FANTASY"
"950","SPECULATIVE-FICTION SCIENCE-FICTION"
"951","NOVEL"
"952","NOVEL SPECULATIVE-FICTION THRILLER FICTION YOUNG-ADULT-LITERATURE FANTASY"
"953","COMEDY YOUNG-ADULT-LITERATURE ADVENTURE-NOVEL"
"954","MYSTERY SUSPENSE CRIME-FICTION FICTION"
"955","SPECULATIVE-FICTION HORROR GOTHIC-FICTION"
"956","FICTION"
"957","DETECTIVE-FICTION MYSTERY SUSPENSE SPECULATIVE-FICTION CRIME-FICTION FICTION"
"958","SUSPENSE THRILLER FICTION"
"959","DYSTOPIA SPECULATIVE-FICTION SCIENCE-FICTION ALTERNATE-HISTORY"
"960","NOVEL SUSPENSE CHILDREN'S-LITERATURE SPECULATIVE-FICTION CRIME-FICTION FICTION HISTORICAL-NOVEL"
"961","NOVEL FICTION"
"962","CHILDREN'S-LITERATURE FICTION YOUNG-ADULT-LITERATURE"
"963","SPECULATIVE-FICTION FICTION FANTASY"
"964","CHILDREN'S-LITERATURE FICTION YOUNG-ADULT-LITERATURE"
"965","SPECULATIVE-FICTION FANTASY ADVENTURE-NOVEL"
"966","NOVEL FICTION"
"967","SPECULATIVE-FICTION FICTION SCIENCE-FICTION FANTASY"
"968","NOVEL"
"969","DYSTOPIA SCIENCE-FICTION NON-FICTION"
"970","NOVEL CHILDREN'S-LITERATURE FICTION YOUNG-ADULT-LITERATURE"
"971","FANTASY"
"972","SCIENCE-FICTION"
"973","SPY-FICTION SPECULATIVE-FICTION SCIENCE-FICTION"
"974","SPECULATIVE-FICTION SCIENCE-FICTION"
"975","SPECULATIVE-FICTION SCIENCE-FICTION"
"976","HISTORICAL-FICTION SPECULATIVE-FICTION HISTORICAL-NOVEL SCIENCE-FICTION"
"977","SPECULATIVE-FICTION SCIENCE-FICTION FANTASY"
"978","SPECULATIVE-FICTION THRILLER SCIENCE-FICTION"
"979","SPECULATIVE-FICTION SCIENCE-FICTION FANTASY"
"980","SPECULATIVE-FICTION SCIENCE-FICTION ALTERNATE-HISTORY"
"981","SPECULATIVE-FICTION"
"982","FICTION HISTORICAL-NOVEL"
"983",""
"984","MYSTERY SUSPENSE CRIME-FICTION THRILLER"
"985","SPECULATIVE-FICTION SCIENCE-FICTION"
"986","MYSTERY SUSPENSE CRIME-FICTION"
"987","DETECTIVE-FICTION NOVEL MYSTERY SUSPENSE CRIME-FICTION FICTION"
"988","MYSTERY CHILDREN'S-LITERATURE FICTION"
"989","NOVEL"
"990","MYSTERY SUSPENSE CRIME-FICTION"
"991","NOVEL FICTION"
"992","SPECULATIVE-FICTION HISTORICAL-NOVEL SCIENCE-FICTION FANTASY"
"993","HISTORICAL-FICTION NOVEL ROMANCE-NOVEL"
"994","NOVEL MYSTERY SUSPENSE CRIME-FICTION THRILLER FICTION"
"995","DETECTIVE-FICTION MYSTERY SUSPENSE CRIME-FICTION THRILLER FICTION HORROR"
"996","CHILDREN'S-LITERATURE YOUNG-ADULT-LITERATURE"
"997","NOVEL MYSTERY FICTION"
"998","NOVEL CHILDREN'S-LITERATURE FICTION YOUNG-ADULT-LITERATURE"
"999","COMEDY CHILDREN'S-LITERATURE FICTION YOUNG-ADULT-LITERATURE AUTOBIOGRAPHY"
"1000","SPY-FICTION THRILLER SCIENCE-FICTION"
"1001","NOVEL FICTION"
"1002","HISTORICAL-FICTION CHILDREN'S-LITERATURE HISTORICAL-NOVEL"
"1003","FICTION"
"1004","NOVEL FICTION"
"1005","SPECULATIVE-FICTION SCIENCE-FICTION"
"1006","CHILDREN'S-LITERATURE FICTION YOUNG-ADULT-LITERATURE"
"1007","NOVEL CHILDREN'S-LITERATURE"
"1008","CHILDREN'S-LITERATURE FICTION YOUNG-ADULT-LITERATURE"
"1009","HISTORICAL-FICTION NOVEL AUTOBIOGRAPHICAL-NOVEL HISTORICAL-NOVEL NON-FICTION AUTOBIOGRAPHY"
"1010","NOVEL"
"1011","NOVEL"
"1012","CHILDREN'S-LITERATURE YOUNG-ADULT-LITERATURE"
"1013","SPECULATIVE-FICTION FICTION SCIENCE-FICTION"
"1014","CHILDREN'S-LITERATURE HORROR"
"1015","NOVEL MYSTERY SUSPENSE CRIME-FICTION FICTION"
"1016","SUSPENSE"
"1017","NOVEL SPECULATIVE-FICTION"
"1018","CHILDREN'S-LITERATURE YOUNG-ADULT-LITERATURE HORROR"
"1019",""
"1020","CHILDREN'S-LITERATURE FICTION YOUNG-ADULT-LITERATURE"
"1021","CHILDREN'S-LITERATURE FICTION YOUNG-ADULT-LITERATURE"
"1022","NOVEL CHILDREN'S-LITERATURE FICTION YOUNG-ADULT-LITERATURE"
"1023","SPECULATIVE-FICTION"
"1024","NOVEL SPECULATIVE-FICTION SCIENCE-FICTION"
"1025","NOVEL HISTORICAL-NOVEL"
"1026","MYSTERY SUSPENSE CHILDREN'S-LITERATURE CRIME-FICTION FICTION YOUNG-ADULT-LITERATURE"
"1027","CHILDREN'S-LITERATURE SPECULATIVE-FICTION YOUNG-ADULT-LITERATURE FANTASY"
"1028","NOVEL HISTORICAL-NOVEL"
"1029","CHILDREN'S-LITERATURE SPECULATIVE-FICTION FANTASY"
"1030","CHILDREN'S-LITERATURE FICTION"
"1031","NOVEL MYSTERY"
"1032","FICTION YOUNG-ADULT-LITERATURE"
"1033","SPECULATIVE-FICTION FICTION SCIENCE-FICTION"
"1034","SPECULATIVE-FICTION SCIENCE-FICTION"
"1035","NOVEL DYSTOPIA FICTION"
"1036","SPECULATIVE-FICTION FICTION SCIENCE-FICTION"
"1037","NOVEL"
"1038","SPECULATIVE-FICTION SCIENCE-FICTION"
"1039","NOVEL FICTION"
"1040","SPECULATIVE-FICTION"
"1041","CHILDREN'S-LITERATURE FICTION"
"1042","DETECTIVE-FICTION NOVEL MYSTERY SUSPENSE CRIME-FICTION"
"1043","SPECULATIVE-FICTION SCIENCE-FICTION"
"1044","SPECULATIVE-FICTION"
"1045","MYSTERY SPY-FICTION SUSPENSE CRIME-FICTION THRILLER"
"1046","NOVEL CHILDREN'S-LITERATURE FICTION"
"1047","FICTION"
"1048","SPECULATIVE-FICTION HISTORICAL-NOVEL FANTASY"
"1049","SPECULATIVE-FICTION SCIENCE-FICTION FANTASY"
"1050","MYSTERY SUSPENSE SPECULATIVE-FICTION THRILLER FICTION SCIENCE-FICTION"
"1051","NOVEL FICTION"
"1052","NOVEL"
"1053","DETECTIVE-FICTION MYSTERY CHILDREN'S-LITERATURE YOUNG-ADULT-LITERATURE"
"1054","NOVEL MYSTERY SUSPENSE CRIME-FICTION FICTION"
"1055","NOVEL FICTION"
"1056","NOVEL"
"1057","HISTORICAL-FICTION SPY-FICTION SPECULATIVE-FICTION THRILLER HISTORICAL-NOVEL SCIENCE-FICTION ALTERNATE-HISTORY AUTOBIOGRAPHY FANTASY BIOGRAPHY"
"1058","SPECULATIVE-FICTION SCIENCE-FICTION"
"1059","HISTORICAL-FICTION NOVEL FICTION"
"1060","CHILDREN'S-LITERATURE SPECULATIVE-FICTION FICTION SCIENCE-FICTION HORROR FANTASY"
"1061","NOVEL CHILDREN'S-LITERATURE FICTION"
"1062","MYSTERY SUSPENSE CRIME-FICTION THRILLER FICTION"
"1063","FICTION"
"1064","NOVEL SPECULATIVE-FICTION SCIENCE-FICTION"
"1065","HISTORICAL-FICTION NOVEL HISTORICAL-NOVEL"
"1066","CHILDREN'S-LITERATURE SPECULATIVE-FICTION FICTION YOUNG-ADULT-LITERATURE FANTASY"
"1067","SPECULATIVE-FICTION SCIENCE-FICTION"
"1068","SPECULATIVE-FICTION SCIENCE-FICTION"
"1069","CHILDREN'S-LITERATURE SPECULATIVE-FICTION FANTASY"
"1070","SPECULATIVE-FICTION SCIENCE-FICTION"
"1071","CHILDREN'S-LITERATURE THRILLER FICTION YOUNG-ADULT-LITERATURE"
"1072","SPECULATIVE-FICTION THRILLER SCIENCE-FICTION"
"1073","HISTORICAL-FICTION NOVEL SPECULATIVE-FICTION HISTORICAL-NOVEL SCIENCE-FICTION ALTERNATE-HISTORY HISTORY"
"1074","NOVEL FICTION YOUNG-ADULT-LITERATURE"
"1075","DETECTIVE-FICTION NOVEL MYSTERY COMEDY SUSPENSE CHILDREN'S-LITERATURE ROMANCE-NOVEL YOUNG-ADULT-LITERATURE NON-FICTION BIOGRAPHY"
"1076","NOVEL MYSTERY SUSPENSE CHILDREN'S-LITERATURE ROMANCE-NOVEL FICTION"
"1077","NOVEL FICTION"
"1078","CHILDREN'S-LITERATURE THRILLER"
"1079","FICTION"
"1080","DETECTIVE-FICTION CRIME-FICTION THRILLER YOUNG-ADULT-LITERATURE"
"1081","NOVEL MYSTERY SUSPENSE FICTION"
"1082","SPECULATIVE-FICTION FICTION SCIENCE-FICTION"
"1083","NOVEL FICTION"
"1084","SPECULATIVE-FICTION SCIENCE-FICTION"
"1085","NOVEL ROMANCE-NOVEL FICTION"
"1086","NOVEL MYSTERY ROMANCE-NOVEL FICTION"
"1087","SPECULATIVE-FICTION FICTION FANTASY"
"1088","NOVEL FICTION"
"1089","NOVEL ROMANCE-NOVEL FICTION"
"1090","FICTION"
"1091","SPECULATIVE-FICTION SCIENCE-FICTION"
"1092","HISTORICAL-FICTION ALTERNATE-HISTORY WAR-NOVEL"
"1093","NOVEL ROMANCE-NOVEL FICTION YOUNG-ADULT-LITERATURE"
"1094","NOVEL FICTION HISTORICAL-NOVEL"
"1095","NOVEL THRILLER FICTION"
"1096","CHILDREN'S-LITERATURE FICTION FANTASY"
"1097","CHILDREN'S-LITERATURE"
"1098","SPECULATIVE-FICTION FICTION YOUNG-ADULT-LITERATURE FANTASY"
"1099","CHILDREN'S-LITERATURE FICTION FANTASY"
"1100","CHILDREN'S-LITERATURE NON-FICTION FANTASY"
"1101","SPECULATIVE-FICTION SCIENCE-FICTION FANTASY"
"1102","NOVEL MYSTERY SUSPENSE THRILLER FICTION"
"1103","CHILDREN'S-LITERATURE YOUNG-ADULT-LITERATURE"
"1104","NOVEL FICTION"
"1105","CHILDREN'S-LITERATURE ROMANCE-NOVEL FICTION YOUNG-ADULT-LITERATURE FANTASY"
"1106","MYSTERY SUSPENSE ROMANCE-NOVEL CRIME-FICTION THRILLER FICTION"
"1107","FICTION"
"1108","NOVEL SPECULATIVE-FICTION HORROR"
"1109","SPECULATIVE-FICTION SCIENCE-FICTION FANTASY"
"1110","FICTION"
"1111","CHILDREN'S-LITERATURE FANTASY"
"1112","CHILDREN'S-LITERATURE YOUNG-ADULT-LITERATURE"
"1113","SPECULATIVE-FICTION SCIENCE-FICTION FANTASY"
"1114","NOVEL SPECULATIVE-FICTION FICTION SCIENCE-FICTION"
"1115","NOVEL FICTION"
"1116","CHILDREN'S-LITERATURE ROMANCE-NOVEL YOUNG-ADULT-LITERATURE"
"1117","HISTORICAL-FICTION MYSTERY HISTORICAL-NOVEL"
"1118","HISTORICAL-FICTION NOVEL YOUNG-ADULT-LITERATURE"
"1119","HISTORICAL-FICTION NOVEL CHILDREN'S-LITERATURE HISTORICAL-NOVEL WAR-NOVEL"
"1120","DETECTIVE-FICTION MYSTERY SUSPENSE CRIME-FICTION FICTION"
"1121","NOVEL"
"1122","YOUNG-ADULT-LITERATURE"
"1123","SPECULATIVE-FICTION SCIENCE-FICTION"
"1124","SPECULATIVE-FICTION THRILLER SCIENCE-FICTION FANTASY"
"1125","SPECULATIVE-FICTION SCIENCE-FICTION FANTASY"
"1126","HISTORICAL-FICTION CHILDREN'S-LITERATURE SPECULATIVE-FICTION FANTASY"
"1127","SPECULATIVE-FICTION SCIENCE-FICTION"
"1128","CHILDREN'S-LITERATURE FANTASY"
"1129","DETECTIVE-FICTION NOVEL FICTION"
"1130","NOVEL MYSTERY SUSPENSE FICTION YOUNG-ADULT-LITERATURE"
"1131","MYSTERY SPECULATIVE-FICTION THRILLER HORROR"
"1132","CHILDREN'S-LITERATURE SPECULATIVE-FICTION SCIENCE-FICTION"
"1133","CHILDREN'S-LITERATURE SPECULATIVE-FICTION THRILLER FICTION SCIENCE-FICTION YOUNG-ADULT-LITERATURE FANTASY"
"1134","NOVEL FICTION"
"1135","NOVEL NON-FICTION AUTOBIOGRAPHY"
"1136","MYSTERY SUSPENSE CRIME-FICTION THRILLER FICTION"
"1137","SPECULATIVE-FICTION SCIENCE-FICTION"
"1138","NOVEL CHILDREN'S-LITERATURE FICTION YOUNG-ADULT-LITERATURE"
"1139",""
"1140","NOVEL FICTION"
"1141","SPECULATIVE-FICTION SCIENCE-FICTION FANTASY"
"1142",""
"1143","THRILLER TECHNO-THRILLER NON-FICTION ADVENTURE-NOVEL"
"1144","CHILDREN'S-LITERATURE YOUNG-ADULT-LITERATURE"
"1145","NOVEL ROMANCE-NOVEL FICTION"
"1146","NOVEL FICTION HISTORICAL-NOVEL"
"1147","CHILDREN'S-LITERATURE FICTION"
"1148","SPECULATIVE-FICTION SCIENCE-FICTION FANTASY"
"1149","NOVEL FICTION"
"1150","SPECULATIVE-FICTION SCIENCE-FICTION FANTASY"
"1151",""
"1152","SPECULATIVE-FICTION FANTASY"
"1153","SPECULATIVE-FICTION HISTORICAL-NOVEL"
"1154","SPY-FICTION THRILLER ALTERNATE-HISTORY"
"1155","NOVEL FICTION"
"1156","NOVEL HISTORICAL-NOVEL WAR-NOVEL"
"1157","NOVEL MYSTERY SUSPENSE SPECULATIVE-FICTION ROMANCE-NOVEL THRILLER FICTION"
"1158","CHILDREN'S-LITERATURE SPECULATIVE-FICTION FANTASY"
"1159","SPECULATIVE-FICTION FANTASY"
"1160","NOVEL CHILDREN'S-LITERATURE FICTION YOUNG-ADULT-LITERATURE"
"1161","SPECULATIVE-FICTION SCIENCE-FICTION"
"1162","NOVEL FICTION"
"1163","TECHNO-THRILLER"
"1164",""
"1165","CHILDREN'S-LITERATURE FICTION YOUNG-ADULT-LITERATURE"
"1166","NOVEL CHILDREN'S-LITERATURE FICTION"
"1167","HISTORICAL-FICTION FICTION HISTORICAL-NOVEL"
"1168","HISTORICAL-FICTION NOVEL NON-FICTION"
"1169","NOVEL SPECULATIVE-FICTION ALTERNATE-HISTORY"
"1170","SHORT-STORY CHILDREN'S-LITERATURE"
"1171","SCIENCE-FICTION"
"1172","UTOPIAN-AND-DYSTOPIAN-FICTION DYSTOPIA SPECULATIVE-FICTION SCIENCE-FICTION ALTERNATE-HISTORY"
"1173","CHILDREN'S-LITERATURE NON-FICTION"
"1174","DETECTIVE-FICTION MYSTERY SUSPENSE CRIME-FICTION THRILLER"
"1175","SPECULATIVE-FICTION SCIENCE-FICTION"
"1176","NOVEL SPECULATIVE-FICTION FICTION"
"1177","SPECULATIVE-FICTION SCIENCE-FICTION"
"1178","NOVEL CHILDREN'S-LITERATURE ROMANCE-NOVEL FICTION YOUNG-ADULT-LITERATURE"
"1179","MYSTERY SUSPENSE CRIME-FICTION FICTION"
"1180","CRIME-FICTION"
"1181","SPECULATIVE-FICTION SCIENCE-FICTION"
"1182","MYSTERY CHILDREN'S-LITERATURE SPECULATIVE-FICTION FICTION"
"1183","SPECULATIVE-FICTION SCIENCE-FICTION FANTASY"
"1184","SPECULATIVE-FICTION SCIENCE-FICTION NON-FICTION"
"1185","NOVEL SPECULATIVE-FICTION SCIENCE-FICTION HISTORY"
"1186","NOVEL AUTOBIOGRAPHICAL-NOVEL FICTION YOUNG-ADULT-LITERATURE AUTOBIOGRAPHY"
"1187","CHILDREN'S-LITERATURE SPECULATIVE-FICTION ROMANCE-NOVEL FICTION YOUNG-ADULT-LITERATURE FANTASY"
"1188","MYSTERY SUSPENSE THRILLER FICTION"
"1189","SPECULATIVE-FICTION"
"1190","THRILLER SCIENCE-FICTION"
"1191","MYSTERY FICTION"
"1192","CHILDREN'S-LITERATURE SPECULATIVE-FICTION YOUNG-ADULT-LITERATURE FANTASY"
"1193","NOVEL FICTION"
"1194","NON-FICTION"
"1195","NOVEL ROMANCE-NOVEL YOUNG-ADULT-LITERATURE"
"1196","SPECULATIVE-FICTION FANTASY"
"1197","SPECULATIVE-FICTION SCIENCE-FICTION ALTERNATE-HISTORY"
"1198",""
"1199","HISTORICAL-FICTION NOVEL HISTORICAL-NOVEL WAR-NOVEL"
"1200","SPECULATIVE-FICTION FANTASY"
"1201","NOVEL FICTION HISTORICAL-NOVEL FANTASY"
"1202","NOVEL COMEDY NON-FICTION"
"1203","HISTORICAL-FICTION FANTASY"
"1204","MYSTERY SPECULATIVE-FICTION ROMANCE-NOVEL FICTION HISTORICAL-NOVEL FANTASY GOTHIC-FICTION"
"1205","NOVEL HISTORICAL-NOVEL HISTORY WAR-NOVEL"
"1206","SPECULATIVE-FICTION THRILLER SCIENCE-FICTION"
"1207","ROMANCE-NOVEL"
"1208","NOVEL FICTION"
"1209","SPECULATIVE-FICTION SCIENCE-FICTION NON-FICTION FANTASY"
"1210","NOVEL SPECULATIVE-FICTION"
"1211","NOVEL"
"1212","NOVEL ROMANCE-NOVEL FICTION YOUNG-ADULT-LITERATURE"
"1213","NOVEL FICTION"
"1214","CHILDREN'S-LITERATURE THRILLER YOUNG-ADULT-LITERATURE"
"1215","CHILDREN'S-LITERATURE YOUNG-ADULT-LITERATURE"
"1216",""
"1217","SCIENCE-FICTION NON-FICTION AUTOBIOGRAPHY"
"1218","SPECULATIVE-FICTION FANTASY"
"1219","NOVEL FICTION"
"1220","NOVEL"
"1221","NOVEL SPECULATIVE-FICTION FICTION"
"1222","HISTORICAL-FICTION HISTORICAL-NOVEL"
"1223","HISTORICAL-FICTION SPECULATIVE-FICTION FANTASY"
"1224","SPECULATIVE-FICTION FANTASY"
"1225","THRILLER SCIENCE-FICTION"
"1226","HISTORICAL-FICTION NOVEL THRILLER FICTION HISTORICAL-NOVEL ALTERNATE-HISTORY"
"1227","SPECULATIVE-FICTION FANTASY"
"1228","NOVEL SUSPENSE CRIME-FICTION FICTION"
"1229","DETECTIVE-FICTION NOVEL MYSTERY CRIME-FICTION THRILLER"
"1230","NOVEL NON-FICTION AUTOBIOGRAPHY BIOGRAPHY"
"1231","CHILDREN'S-LITERATURE SPECULATIVE-FICTION ROMANCE-NOVEL FICTION YOUNG-ADULT-LITERATURE FANTASY"
"1232","SUSPENSE FICTION"
"1233","THRILLER FICTION"
