id,tags
0,"HISTORICAL-NOVEL"
1,"SCIENCE-FICTION SPECULATIVE-FICTION"
2,"FANTASY SPECULATIVE-FICTION"
3,"CHILDREN'S-LITERATURE HISTORICAL-NOVEL SPY-FICTION THRILLER"
4,"FICTION NOVEL ROMANCE-NOVEL"
5,"CHILDREN'S-LITERATURE FICTION NOVEL YOUNG-ADULT-LITERATURE"
6,"CHILDREN'S-LITERATURE DETECTIVE-FICTION FICTION MYSTERY"
7,"CRIME-FICTION MYSTERY SUSPENSE"
8,"FICTION NOVEL"
9,"FICTION NOVEL ROMANCE-NOVEL"
10,"FICTION HISTORICAL-FICTION NOVEL"
11,"SCIENCE-FICTION SPECULATIVE-FICTION"
12,"SCIENCE-FICTION SPECULATIVE-FICTION"
13,"CHILDREN'S-LITERATURE FANTASY YOUNG-ADULT-LITERATURE"
14,"FANTASY SCIENCE-FICTION SPECULATIVE-FICTION THRILLER"
15,"CHILDREN'S-LITERATURE FICTION YOUNG-ADULT-LITERATURE"
16,"CHILDREN'S-LITERATURE FANTASY SPECULATIVE-FICTION"
17,"SPY-FICTION"
18,"NOVEL SATIRE"
19,"CRIME-FICTION FICTION MYSTERY NOVEL SUSPENSE"
20,"FANTASY SPECULATIVE-FICTION"
21,"HISTORICAL-NOVEL"
22,"FANTASY SCIENCE-FICTION SPECULATIVE-FICTION"
23,"SCIENCE-FICTION SPECULATIVE-FICTION"
24,"FICTION NOVEL"
25,"CRIME-FICTION DETECTIVE-FICTION FICTION MYSTERY"
26,"FANTASY SPECULATIVE-FICTION"
27,"FICTION NOVEL SCIENCE-FICTION SPECULATIVE-FICTION"
28,"FICTION HISTORICAL-FICTION NOVEL"
29,"FICTION NOVEL"
30,"FANTASY SPECULATIVE-FICTION"
31,"MYSTERY"
32,"FANTASY SCIENCE-FICTION SPECULATIVE-FICTION"
33,"HISTORICAL-NOVEL"
34,"NOVEL"
35,"HISTORICAL-NOVEL NOVEL"
36,"CHILDREN'S-LITERATURE YOUNG-ADULT-LITERATURE"
37,"SPECULATIVE-FICTION"
38,"SCIENCE-FICTION SPECULATIVE-FICTION"
39,"CHILDREN'S-LITERATURE FICTION NOVEL YOUNG-ADULT-LITERATURE"
40,"SCIENCE-FICTION SPECULATIVE-FICTION"
41,"CRIME-FICTION MYSTERY SUSPENSE"
42,"CHILDREN'S-LITERATURE FANTASY SPECULATIVE-FICTION"
43,"CHILDREN'S-LITERATURE SCIENCE-FICTION SPECULATIVE-FICTION"
44,""
45,"MYSTERY SCIENCE-FICTION SPECULATIVE-FICTION SUSPENSE THRILLER"
46,"FICTION NOVEL"
47,"SCIENCE-FICTION SPECULATIVE-FICTION"
48,"SCIENCE-FICTION SPECULATIVE-FICTION"
49,"NOVEL"
50,"FICTION NOVEL SCIENCE-FICTION SPECULATIVE-FICTION"
51,"FICTION MYSTERY"
52,"FANTASY SCIENCE-FICTION SPECULATIVE-FICTION"
53,"SCIENCE-FICTION SPECULATIVE-FICTION"
54,"ALTERNATE-HISTORY HISTORICAL-NOVEL SPECULATIVE-FICTION"
55,"CHILDREN'S-LITERATURE FANTASY SCIENCE-FICTION SPECULATIVE-FICTION"
56,"SPECULATIVE-FICTION"
57,"FICTION MYSTERY"
58,"FICTION NOVEL"
59,"CRIME-FICTION FICTION MYSTERY SUSPENSE"
60,"FANTASY SCIENCE-FICTION SPECULATIVE-FICTION"
61,"CHILDREN'S-LITERATURE FANTASY ROMANCE-NOVEL SPECULATIVE-FICTION"
62,""
63,"SCIENCE-FICTION SPECULATIVE-FICTION"
64,"SCIENCE-FICTION SPECULATIVE-FICTION"
65,"ALTERNATE-HISTORY HISTORICAL-NOVEL NON-FICTION NOVEL"
66,"CRIME-FICTION FICTION MYSTERY SUSPENSE THRILLER"
67,"NOVEL"
68,"CHILDREN'S-LITERATURE FANTASY SPECULATIVE-FICTION"
69,"FANTASY SPECULATIVE-FICTION"
70,"FANTASY FICTION SPECULATIVE-FICTION"
71,"CHILDREN'S-LITERATURE FICTION MYSTERY YOUNG-ADULT-LITERATURE"
72,"CHILDREN'S-LITERATURE YOUNG-ADULT-LITERATURE"
73,"FICTION NOVEL"
74,"SCIENCE-FICTION SPECULATIVE-FICTION THRILLER"
75,"SCIENCE-FICTION SPECULATIVE-FICTION"
76,"FANTASY SCIENCE-FICTION SPECULATIVE-FICTION"
77,"FICTION NOVEL"
78,"FANTASY YOUNG-ADULT-LITERATURE"
79,"FICTION HISTORICAL-FICTION HISTORICAL-NOVEL NOVEL"
80,"FICTION NOVEL"
81,"SCIENCE-FICTION SPECULATIVE-FICTION"
82,"NOVEL"
83,"NOVEL ROMANCE-NOVEL"
84,"FICTION NOVEL"
85,"CHILDREN'S-LITERATURE FICTION"
86,"SCIENCE-FICTION SPECULATIVE-FICTION"
87,"CHILDREN'S-LITERATURE FANTASY SPECULATIVE-FICTION"
88,"NOVEL"
89,"CHILDREN'S-LITERATURE FANTASY SCIENCE-FICTION SPECULATIVE-FICTION YOUNG-ADULT-LITERATURE"
90,"SCIENCE-FICTION SPECULATIVE-FICTION"
91,"ALTERNATE-HISTORY FICTION THRILLER"
92,"FANTASY SPECULATIVE-FICTION"
93,"FICTION NOVEL"
94,"FICTION MYSTERY SUSPENSE"
95,"FANTASY HISTORICAL-NOVEL"
96,"FICTION"
97,"CRIME-FICTION FICTION MYSTERY SUSPENSE THRILLER"
98,"SCIENCE-FICTION SPECULATIVE-FICTION"
99,"CHILDREN'S-LITERATURE YOUNG-ADULT-LITERATURE"
100,"CHILDREN'S-LITERATURE YOUNG-ADULT-LITERATURE"
101,"FICTION NOVEL YOUNG-ADULT-LITERATURE"
102,"SCIENCE-FICTION SPECULATIVE-FICTION"
103,"FICTION NOVEL"
104,"FICTION NOVEL"
105,"SCIENCE-FICTION SPECULATIVE-FICTION"
106,"CHILDREN'S-LITERATURE FICTION YOUNG-ADULT-LITERATURE"
107,"FANTASY"
108,"CHILDREN'S-LITERATURE DETECTIVE-FICTION MYSTERY YOUNG-ADULT-LITERATURE"
109,"AUTOBIOGRAPHY NON-FICTION NOVEL"
110,"FICTION HISTORICAL-NOVEL NOVEL"
111,"CHILDREN'S-LITERATURE FANTASY SPECULATIVE-FICTION"
112,"SCIENCE-FICTION SPECULATIVE-FICTION"
113,"FICTION"
114,"SPECULATIVE-FICTION"
115,"FICTION NOVEL"
116,"NOVEL"
117,"NOVEL"
118,"SCIENCE-FICTION SPECULATIVE-FICTION"
119,"ALTERNATE-HISTORY HISTORICAL-NOVEL SCIENCE-FICTION THRILLER WAR-NOVEL"
120,"CHILDREN'S-LITERATURE FICTION NOVEL"
121,"ALTERNATE-HISTORY FANTASY HISTORICAL-NOVEL SCIENCE-FICTION SPECULATIVE-FICTION"
122,"CHILDREN'S-LITERATURE"
123,"ALTERNATE-HISTORY FANTASY SCIENCE-FICTION SPECULATIVE-FICTION"
124,"DETECTIVE-FICTION MYSTERY"
125,"CRIME-FICTION DETECTIVE-FICTION FICTION MYSTERY SUSPENSE"
126,"SCIENCE-FICTION SPECULATIVE-FICTION"
127,"FANTASY SPECULATIVE-FICTION"
128,"CHILDREN'S-LITERATURE FICTION NOVEL"
129,"SCIENCE-FICTION SPECULATIVE-FICTION"
130,"FICTION YOUNG-ADULT-LITERATURE"
131,"CHILDREN'S-LITERATURE FICTION"
132,"CHILDREN'S-LITERATURE FANTASY FICTION HORROR MYSTERY SCIENCE-FICTION SPECULATIVE-FICTION"
133,"SCIENCE-FICTION SPECULATIVE-FICTION"
134,"FICTION MYSTERY SPY-FICTION SUSPENSE"
135,"FICTION"
136,"MYSTERY"
137,"SPECULATIVE-FICTION YOUNG-ADULT-LITERATURE"
138,"CHILDREN'S-LITERATURE YOUNG-ADULT-LITERATURE"
139,"CHILDREN'S-LITERATURE FICTION NOVEL"
140,"FICTION NOVEL"
141,"SCIENCE-FICTION SPECULATIVE-FICTION"
142,"FICTION NOVEL"
143,"CHILDREN'S-LITERATURE DETECTIVE-FICTION FICTION MYSTERY THRILLER"
144,"FICTION NOVEL"
145,"CHILDREN'S-LITERATURE FANTASY SPECULATIVE-FICTION"
146,"FICTION"
147,"FICTION NOVEL"
148,"CHILDREN'S-LITERATURE"
149,"SCIENCE-FICTION SPECULATIVE-FICTION THRILLER"
150,"SCIENCE-FICTION SPECULATIVE-FICTION"
151,"FICTION NOVEL"
152,"CRIME-FICTION FICTION MYSTERY NOVEL"
153,"SCIENCE-FICTION SPECULATIVE-FICTION"
154,"NOVEL"
155,"FICTION NOVEL"
156,"CRIME-FICTION DETECTIVE-FICTION MYSTERY SUSPENSE"
157,"CHILDREN'S-LITERATURE CRIME-FICTION FICTION MYSTERY SUSPENSE"
158,"FANTASY HISTORICAL-NOVEL SPECULATIVE-FICTION"
159,"FANTASY"
160,"NOVEL"
161,"CHILDREN'S-LITERATURE SCIENCE-FICTION SPECULATIVE-FICTION"
162,"FICTION NOVEL ROMANCE-NOVEL"
163,"FANTASY SCIENCE-FICTION SPECULATIVE-FICTION"
164,"CHILDREN'S-LITERATURE FICTION NOVEL YOUNG-ADULT-LITERATURE"
165,"CHILDREN'S-LITERATURE FICTION NOVEL ROMANCE-NOVEL YOUNG-ADULT-LITERATURE"
166,"ADVENTURE-NOVEL CHILDREN'S-LITERATURE FICTION YOUNG-ADULT-LITERATURE"
167,""
168,"YOUNG-ADULT-LITERATURE"
169,"AUTOBIOGRAPHY BIOGRAPHY FICTION MEMOIR NON-FICTION NOVEL"
170,"CHILDREN'S-LITERATURE FICTION NOVEL YOUNG-ADULT-LITERATURE"
171,"FICTION"
172,""
173,"FICTION ROMANCE-NOVEL"
174,"CRIME-FICTION FICTION MYSTERY SUSPENSE"
175,"CHILDREN'S-LITERATURE YOUNG-ADULT-LITERATURE"
176,"SPECULATIVE-FICTION SPY-FICTION SUSPENSE THRILLER"
177,"SCIENCE-FICTION SPECULATIVE-FICTION"
178,"CRIME-FICTION FICTION MYSTERY SUSPENSE THRILLER"
179,"SCIENCE-FICTION SPECULATIVE-FICTION"
180,"FICTION HORROR SPECULATIVE-FICTION"
181,"NON-FICTION SCIENCE-FICTION SPECULATIVE-FICTION"
182,"FANTASY SPECULATIVE-FICTION"
183,"FANTASY SPECULATIVE-FICTION"
184,"FICTION HISTORICAL-NOVEL NOVEL ROMANCE-NOVEL"
185,"FICTION"
186,"NON-FICTION"
187,"CHILDREN'S-LITERATURE YOUNG-ADULT-LITERATURE"
188,"CRIME-FICTION DETECTIVE-FICTION MYSTERY SUSPENSE"
189,"NOVEL"
190,"CHILDREN'S-LITERATURE SCIENCE-FICTION SPECULATIVE-FICTION"
191,"FANTASY SPECULATIVE-FICTION"
192,"CRIME-FICTION FICTION MYSTERY NOVEL SUSPENSE"
193,"FICTION"
194,"FICTION"
195,"FICTION MYSTERY SUSPENSE"
196,"CHILDREN'S-LITERATURE SPECULATIVE-FICTION"
197,"FICTION NOVEL SUSPENSE"
198,"CHILDREN'S-LITERATURE FANTASY"
199,"CHILDREN'S-LITERATURE NOVEL"
200,"CHILDREN'S-LITERATURE FICTION NOVEL"
201,"FANTASY SCIENCE-FICTION SPECULATIVE-FICTION"
202,"CHILDREN'S-LITERATURE NOVEL YOUNG-ADULT-LITERATURE"
203,"CHILDREN'S-LITERATURE"
204,""
205,"FICTION NOVEL"
206,"CHILDREN'S-LITERATURE FANTASY SCIENCE-FICTION SPECULATIVE-FICTION"
207,"SCIENCE-FICTION SPECULATIVE-FICTION"
208,"CHILDREN'S-LITERATURE DETECTIVE-FICTION FICTION MYSTERY YOUNG-ADULT-LITERATURE"
209,"FANTASY HORROR ROMANCE-NOVEL SCIENCE-FICTION SPECULATIVE-FICTION"
210,"FICTION HISTORICAL-FICTION HISTORICAL-NOVEL NOVEL"
211,"FANTASY SCIENCE-FICTION SPECULATIVE-FICTION"
212,"ADVENTURE-NOVEL YOUNG-ADULT-LITERATURE"
213,"CHILDREN'S-LITERATURE FICTION NOVEL YOUNG-ADULT-LITERATURE"
214,"FANTASY SCIENCE-FICTION SPECULATIVE-FICTION"
215,"CHILDREN'S-LITERATURE FANTASY SCIENCE-FICTION SPECULATIVE-FICTION"
216,"FANTASY SPECULATIVE-FICTION"
217,"FICTION"
218,"FICTION NOVEL"
219,"CHILDREN'S-LITERATURE NOVEL YOUNG-ADULT-LITERATURE"
220,"CHILDREN'S-LITERATURE FANTASY SPECULATIVE-FICTION"
221,"CHILDREN'S-LITERATURE FICTION"
222,"FICTION NOVEL"
223,"SCIENCE-FICTION SPECULATIVE-FICTION"
224,"APOCALYPTIC-AND-POST-APOCALYPTIC-FICTION FANTASY SCIENCE-FICTION SPECULATIVE-FICTION"
225,"FICTION MYSTERY SUSPENSE THRILLER"
226,"FICTION NOVEL"
227,"FANTASY SCIENCE-FICTION SPECULATIVE-FICTION"
228,"FANTASY SCIENCE-FICTION SPECULATIVE-FICTION"
229,"FANTASY HISTORICAL-NOVEL SPECULATIVE-FICTION"
230,"CHILDREN'S-LITERATURE"
231,"FANTASY SHORT-STORY SPECULATIVE-FICTION"
232,"MYSTERY"
233,"CRIME-FICTION MYSTERY SUSPENSE THRILLER"
234,"FANTASY HISTORICAL-FICTION HISTORICAL-NOVEL"
235,"FICTION NOVEL"
236,"CHILDREN'S-LITERATURE FICTION SCIENCE-FICTION YOUNG-ADULT-LITERATURE"
237,"CRIME-FICTION FICTION MYSTERY SUSPENSE THRILLER"
238,"FICTION NOVEL YOUNG-ADULT-LITERATURE"
239,"CHILDREN'S-LITERATURE FICTION HISTORICAL-FICTION HISTORICAL-NOVEL"
240,""
241,"SCIENCE-FICTION SPECULATIVE-FICTION"
242,"CRIME-FICTION FICTION MYSTERY SUSPENSE"
243,"CHILDREN'S-LITERATURE FANTASY FICTION MYSTERY"
244,"CHILDREN'S-LITERATURE"
245,"FICTION NOVEL"
246,"CHILDREN'S-LITERATURE YOUNG-ADULT-LITERATURE"
247,"FICTION NOVEL ROMANCE-NOVEL"
248,"CHILDREN'S-LITERATURE FICTION NOVEL YOUNG-ADULT-LITERATURE"
249,"CRIME-FICTION DETECTIVE-FICTION FICTION HISTORICAL-FICTION HISTORICAL-NOVEL MYSTERY SUSPENSE"
250,""
251,"SCIENCE-FICTION SPECULATIVE-FICTION"
252,"ADVENTURE-NOVEL FANTASY SPECULATIVE-FICTION YOUNG-ADULT-LITERATURE"
253,"FICTION NOVEL"
254,"CHILDREN'S-LITERATURE FICTION NOVEL"
255,"SCIENCE-FICTION SPECULATIVE-FICTION"
256,"FANTASY SPECULATIVE-FICTION"
257,"CRIME-FICTION DETECTIVE-FICTION FICTION MYSTERY SUSPENSE"
258,"FICTION NON-FICTION NOVEL"
259,"COMEDY FICTION NOVEL ROMANCE-NOVEL"
260,"CRIME-FICTION DETECTIVE-FICTION FICTION MYSTERY SUSPENSE THRILLER"
261,"FICTION MYSTERY NOVEL"
262,"CHILDREN'S-LITERATURE YOUNG-ADULT-LITERATURE"
263,"FICTION NOVEL"
264,"CHILDREN'S-LITERATURE"
265,""
266,"SCIENCE-FICTION SPECULATIVE-FICTION"
267,"CHILDREN'S-LITERATURE FICTION NOVEL YOUNG-ADULT-LITERATURE"
268,"DETECTIVE-FICTION"
269,"SCIENCE-FICTION SPECULATIVE-FICTION"
270,"FICTION NOVEL ROMANCE-NOVEL"
271,"CHILDREN'S-LITERATURE FICTION YOUNG-ADULT-LITERATURE"
272,"FICTION NOVEL"
273,"CHILDREN'S-LITERATURE FANTASY FICTION SPECULATIVE-FICTION"
274,"FICTION NOVEL ROMANCE-NOVEL YOUNG-ADULT-LITERATURE"
275,"FICTION"
276,"CHILDREN'S-LITERATURE FICTION SPECULATIVE-FICTION"
277,"CHILDREN'S-LITERATURE FICTION HORROR"
278,"HISTORICAL-NOVEL"
279,"CHILDREN'S-LITERATURE FANTASY YOUNG-ADULT-LITERATURE"
280,"CHILDREN'S-LITERATURE YOUNG-ADULT-LITERATURE"
281,""
282,"CRIME-FICTION MYSTERY SUSPENSE"
283,"SCIENCE-FICTION SPECULATIVE-FICTION"
284,"NOVEL"
285,"CHILDREN'S-LITERATURE FICTION NOVEL"
286,"CHILDREN'S-LITERATURE NOVEL YOUNG-ADULT-LITERATURE"
287,"NOVEL SPECULATIVE-FICTION"
288,"FANTASY SCIENCE-FICTION SPECULATIVE-FICTION"
289,"CHILDREN'S-LITERATURE FANTASY HORROR SCIENCE-FICTION SPECULATIVE-FICTION"
290,"ALTERNATE-HISTORY SPY-FICTION THRILLER"
291,"SCIENCE-FICTION SPECULATIVE-FICTION"
292,"ALTERNATE-HISTORY HISTORICAL-FICTION HISTORICAL-NOVEL SCIENCE-FICTION WAR-NOVEL"
293,"SPECULATIVE-FICTION"
294,"CHILDREN'S-LITERATURE FICTION NOVEL YOUNG-ADULT-LITERATURE"
295,"ADVENTURE-NOVEL YOUNG-ADULT-LITERATURE"
296,"CHILDREN'S-LITERATURE FICTION NOVEL YOUNG-ADULT-LITERATURE"
297,"CHILDREN'S-LITERATURE SCIENCE-FICTION SPECULATIVE-FICTION"
298,"CRIME-FICTION FICTION HISTORICAL-NOVEL NOVEL"
299,"SCIENCE-FICTION SPECULATIVE-FICTION"
300,"SCIENCE-FICTION SPECULATIVE-FICTION"
301,"FICTION THRILLER"
302,""
303,"SCIENCE-FICTION SPECULATIVE-FICTION"
304,"SCIENCE-FICTION SPECULATIVE-FICTION"
305,"CHILDREN'S-LITERATURE FICTION NOVEL YOUNG-ADULT-LITERATURE"
306,"SCIENCE-FICTION SPECULATIVE-FICTION"
307,"SPECULATIVE-FICTION SPY-FICTION SUSPENSE THRILLER"
308,"CHILDREN'S-LITERATURE FICTION NOVEL YOUNG-ADULT-LITERATURE"
309,""
310,"CHILDREN'S-LITERATURE FICTION NOVEL YOUNG-ADULT-LITERATURE"
311,"ADVENTURE-NOVEL FANTASY SPECULATIVE-FICTION"
312,"FICTION NOVEL"
313,"CRIME-FICTION FICTION MYSTERY SUSPENSE"
314,"CHILDREN'S-LITERATURE FICTION MYSTERY"
315,"MYSTERY NOVEL"
316,"CHILDREN'S-LITERATURE FANTASY SPECULATIVE-FICTION"
317,"ALTERNATE-HISTORY SCIENCE-FICTION SPECULATIVE-FICTION"
318,"FANTASY FICTION NOVEL"
319,"CRIME-FICTION FICTION MYSTERY SUSPENSE"
320,"FANTASY SCIENCE-FICTION SPECULATIVE-FICTION"
321,"CHILDREN'S-LITERATURE FANTASY SPECULATIVE-FICTION"
322,"FICTION NOVEL"
323,"CHILDREN'S-LITERATURE FANTASY YOUNG-ADULT-LITERATURE"
324,"CHILDREN'S-LITERATURE FICTION NOVEL YOUNG-ADULT-LITERATURE"
325,"CHILDREN'S-LITERATURE FANTASY YOUNG-ADULT-LITERATURE"
326,"HISTORICAL-NOVEL THRILLER"
327,"NON-FICTION SCIENCE-FICTION SPECULATIVE-FICTION"
328,"FANTASY FICTION NON-FICTION SPECULATIVE-FICTION"
329,"FANTASY SPECULATIVE-FICTION"
330,"NOVEL"
331,"FANTASY SCIENCE-FICTION SPECULATIVE-FICTION"
332,"FANTASY SCIENCE-FICTION SPECULATIVE-FICTION"
333,"CHILDREN'S-LITERATURE FICTION YOUNG-ADULT-LITERATURE"
334,"SPECULATIVE-FICTION"
335,"CRIME-FICTION FICTION MYSTERY SUSPENSE THRILLER"
336,"CRIME-FICTION FICTION MYSTERY NOVEL"
337,"CHILDREN'S-LITERATURE"
338,""
339,"DETECTIVE-FICTION MYSTERY"
340,"FICTION"
341,"FICTION NOVEL"
342,"FANTASY SCIENCE-FICTION SPECULATIVE-FICTION"
343,"SCIENCE-FICTION"
344,"CHILDREN'S-LITERATURE FICTION NOVEL YOUNG-ADULT-LITERATURE"
345,"FICTION NOVEL"
346,"FICTION NOVEL"
347,"FICTION NOVEL YOUNG-ADULT-LITERATURE"
348,"FICTION HISTORICAL-NOVEL NOVEL"
349,"FICTION SUSPENSE THRILLER YOUNG-ADULT-LITERATURE"
350,"FICTION NOVEL"
351,""
352,"THRILLER"
353,"FICTION NOVEL"
354,""
355,"FICTION NOVEL"
356,"CRIME-FICTION FICTION MYSTERY SUSPENSE THRILLER"
357,"FICTION NOVEL"
358,"FICTION HISTORICAL-NOVEL NOVEL"
359,"FANTASY HISTORICAL-NOVEL SPECULATIVE-FICTION"
360,"FANTASY SCIENCE-FICTION SPECULATIVE-FICTION"
361,"NOVEL"
362,"HISTORICAL-NOVEL NOVEL"
363,"CRIME-FICTION FICTION MYSTERY SUSPENSE THRILLER"
364,"FICTION NOVEL SPY-FICTION SUSPENSE THRILLER"
365,"BIOGRAPHY NON-FICTION NOVEL"
366,"NON-FICTION SCIENCE-FICTION SPECULATIVE-FICTION"
367,""
368,"CHILDREN'S-LITERATURE DETECTIVE-FICTION MYSTERY"
369,"FICTION NOVEL"
370,"CHILDREN'S-LITERATURE NON-FICTION"
371,"FICTION NOVEL"
372,"CHILDREN'S-LITERATURE"
373,"CHILDREN'S-LITERATURE FICTION MYSTERY SUSPENSE"
374,"NOVEL ROMANCE-NOVEL"
375,"FICTION NOVEL SPECULATIVE-FICTION"
376,""
377,"ADVENTURE-NOVEL CHILDREN'S-LITERATURE YOUNG-ADULT-LITERATURE"
378,"DETECTIVE-FICTION MYSTERY NOVEL"
379,"CHILDREN'S-LITERATURE"
380,"FICTION NOVEL ROMANCE-NOVEL SUSPENSE"
381,"CHILDREN'S-LITERATURE"
382,"FICTION NOVEL"
383,"YOUNG-ADULT-LITERATURE"
384,"FICTION HISTORICAL-NOVEL NOVEL ROMANCE-NOVEL"
385,"CHILDREN'S-LITERATURE FICTION NOVEL"
386,"FICTION SPY-FICTION SUSPENSE"
387,"CHILDREN'S-LITERATURE FICTION"
388,"CRIME-FICTION DETECTIVE-FICTION FICTION MYSTERY SUSPENSE"
389,"ADVENTURE-NOVEL SCIENCE-FICTION SPECULATIVE-FICTION"
390,"FICTION NOVEL"
391,"SCIENCE-FICTION SPECULATIVE-FICTION"
392,"FICTION"
393,"NOVEL"
394,"FICTION NOVEL"
395,"NOVEL"
396,""
397,"CHILDREN'S-LITERATURE FICTION HISTORICAL-NOVEL"
398,"SCIENCE-FICTION SPECULATIVE-FICTION"
399,"SCIENCE-FICTION SPECULATIVE-FICTION"
400,"FICTION NOVEL"
401,"CHILDREN'S-LITERATURE FICTION NOVEL YOUNG-ADULT-LITERATURE"
402,""
403,"CRIME-FICTION DETECTIVE-FICTION FICTION MYSTERY SUSPENSE THRILLER"
404,"CHILDREN'S-LITERATURE NON-FICTION"
405,"HISTORICAL-NOVEL NOVEL"
406,"DETECTIVE-FICTION FICTION MYSTERY"
407,"ADVENTURE-NOVEL SPECULATIVE-FICTION YOUNG-ADULT-LITERATURE"
408,""
409,"MYSTERY SUSPENSE"
410,"CRIME-FICTION DETECTIVE-FICTION FICTION MYSTERY SUSPENSE THRILLER"
411,"FICTION NOVEL"
412,"FICTION NOVEL YOUNG-ADULT-LITERATURE"
413,"THRILLER"
414,"FICTION NOVEL YOUNG-ADULT-LITERATURE"
415,"CRIME-FICTION FICTION MYSTERY SUSPENSE"
416,"DETECTIVE-FICTION FICTION MYSTERY SUSPENSE"
417,"ALTERNATE-HISTORY NON-FICTION SPECULATIVE-FICTION"
418,"FICTION"
419,"FANTASY SCIENCE-FICTION SPECULATIVE-FICTION"
420,"SCIENCE-FICTION SPECULATIVE-FICTION"
421,""
422,"CHILDREN'S-LITERATURE NOVEL"
423,"CRIME-FICTION FICTION MYSTERY NOVEL SUSPENSE"
424,"SCIENCE-FICTION SPECULATIVE-FICTION"
425,"ADVENTURE-NOVEL FANTASY SCIENCE-FICTION SPECULATIVE-FICTION"
426,"FICTION NOVEL ROMANCE-NOVEL YOUNG-ADULT-LITERATURE"
427,"SCIENCE-FICTION SPECULATIVE-FICTION THRILLER"
428,"CHILDREN'S-LITERATURE"
429,"CRIME-FICTION DETECTIVE-FICTION MYSTERY SUSPENSE THRILLER"
430,"CHILDREN'S-LITERATURE YOUNG-ADULT-LITERATURE"
431,""
432,"CRIME-FICTION FICTION MYSTERY NOVEL SUSPENSE"
433,"CHILDREN'S-LITERATURE FICTION NOVEL"
434,"FICTION HISTORICAL-NOVEL NOVEL"
435,"ALTERNATE-HISTORY SPECULATIVE-FICTION THRILLER"
436,"FICTION NOVEL SPECULATIVE-FICTION"
437,"CHILDREN'S-LITERATURE FICTION NOVEL ROMANCE-NOVEL YOUNG-ADULT-LITERATURE"
438,"FANTASY HISTORICAL-NOVEL NOVEL ROMANCE-NOVEL"
439,"SCIENCE-FICTION SPECULATIVE-FICTION"
440,"SCIENCE-FICTION SPECULATIVE-FICTION"
441,"CHILDREN'S-LITERATURE FICTION NOVEL YOUNG-ADULT-LITERATURE"
442,"CHILDREN'S-LITERATURE YOUNG-ADULT-LITERATURE"
443,"CRIME-FICTION FICTION MYSTERY SUSPENSE"
444,"CHILDREN'S-LITERATURE FANTASY FICTION NOVEL"
445,"CRIME-FICTION DETECTIVE-FICTION FICTION MYSTERY SUSPENSE"
446,"FICTION NOVEL ROMANCE-NOVEL"
447,"CHILDREN'S-LITERATURE FICTION NOVEL ROMANCE-NOVEL YOUNG-ADULT-LITERATURE"
448,"FICTION NOVEL"
449,"ALTERNATE-HISTORY HISTORICAL-FICTION HISTORICAL-NOVEL SPECULATIVE-FICTION"
450,"DETECTIVE-FICTION"
451,"CHILDREN'S-LITERATURE YOUNG-ADULT-LITERATURE"
452,""
453,"CRIME-FICTION FICTION MYSTERY NOVEL ROMANCE-NOVEL SUSPENSE"
454,"FICTION NOVEL ROMANCE-NOVEL"
455,"NOVEL"
456,"CHILDREN'S-LITERATURE NOVEL ROMANCE-NOVEL YOUNG-ADULT-LITERATURE"
457,"FICTION NOVEL"
458,"THRILLER"
459,"NOVEL"
460,"FANTASY SCIENCE-FICTION SPECULATIVE-FICTION"
461,"CRIME-FICTION DETECTIVE-FICTION FICTION MYSTERY SUSPENSE"
462,"AUTOBIOGRAPHY FICTION NOVEL"
463,"CHILDREN'S-LITERATURE FANTASY FICTION SPECULATIVE-FICTION"
464,""
465,"CHILDREN'S-LITERATURE YOUNG-ADULT-LITERATURE"
466,"SPECULATIVE-FICTION"
467,""
468,"HISTORICAL-NOVEL SCIENCE-FICTION SPECULATIVE-FICTION"
469,"FANTASY SPECULATIVE-FICTION"
470,"DETECTIVE-FICTION MYSTERY"
471,""
472,"FANTASY SCIENCE-FICTION SPECULATIVE-FICTION"
473,""
474,"CHILDREN'S-LITERATURE NOVEL YOUNG-ADULT-LITERATURE"
475,"FANTASY MYSTERY SUSPENSE"
476,"FICTION MYSTERY NOVEL SUSPENSE THRILLER"
477,"FANTASY FICTION SPECULATIVE-FICTION"
478,"FANTASY HORROR ROMANCE-NOVEL SPECULATIVE-FICTION"
479,"FICTION MYSTERY NOVEL SUSPENSE"
480,"FICTION HISTORICAL-NOVEL NOVEL"
481,"FICTION NOVEL"
482,"AUTOBIOGRAPHICAL-NOVEL FANTASY WAR-NOVEL"
483,"NOVEL"
484,"SCIENCE-FICTION SPECULATIVE-FICTION"
485,"FANTASY"
486,"ALTERNATE-HISTORY SCIENCE-FICTION SPECULATIVE-FICTION SPY-FICTION THRILLER"
487,"SCIENCE-FICTION SPECULATIVE-FICTION"
488,"FANTASY"
489,"FICTION MYSTERY"
490,"FANTASY FICTION SPECULATIVE-FICTION"
491,"DETECTIVE-FICTION MYSTERY THRILLER"
492,"CHILDREN'S-LITERATURE FANTASY SPECULATIVE-FICTION YOUNG-ADULT-LITERATURE"
493,"FICTION NOVEL THRILLER"
494,"FANTASY SCIENCE-FICTION SPECULATIVE-FICTION"
495,"SCIENCE-FICTION THRILLER"
496,"FANTASY ROMANCE-NOVEL"
497,"FICTION"
498,"CRIME-FICTION FICTION MYSTERY SUSPENSE"
499,"NOVEL SCIENCE-FICTION SPECULATIVE-FICTION"
500,"SCIENCE-FICTION SPECULATIVE-FICTION"
501,"FICTION NOVEL ROMANCE-NOVEL"
502,"CHILDREN'S-LITERATURE FICTION NOVEL YOUNG-ADULT-LITERATURE"
503,"NOVEL"
504,"FICTION NOVEL"
505,"SPECULATIVE-FICTION"
506,"FICTION"
507,"FANTASY SPECULATIVE-FICTION"
508,""
509,"MYSTERY YOUNG-ADULT-LITERATURE"
510,"FICTION NOVEL"
511,"CRIME-FICTION FICTION MYSTERY SPECULATIVE-FICTION SUSPENSE THRILLER"
512,"CRIME-FICTION DETECTIVE-FICTION FICTION MYSTERY SUSPENSE"
513,"CHILDREN'S-LITERATURE"
514,"NON-FICTION"
515,"FANTASY HORROR SCIENCE-FICTION SPECULATIVE-FICTION"
516,"FANTASY FICTION SPECULATIVE-FICTION"
517,"CRIME-FICTION DETECTIVE-FICTION FICTION MYSTERY SUSPENSE"
518,"CHILDREN'S-LITERATURE FICTION NOVEL YOUNG-ADULT-LITERATURE"
519,"CHILDREN'S-LITERATURE FICTION"
520,"CHILDREN'S-LITERATURE FANTASY FICTION HORROR MYSTERY SCIENCE-FICTION SPECULATIVE-FICTION SUSPENSE"
521,"FICTION NOVEL ROMANCE-NOVEL"
522,"CHILDREN'S-LITERATURE COMEDY NOVEL"
523,"FICTION NOVEL YOUNG-ADULT-LITERATURE"
524,"CHILDREN'S-LITERATURE YOUNG-ADULT-LITERATURE"
525,"FANTASY"
526,"FICTION NON-FICTION NOVEL"
527,""
528,"CHILDREN'S-LITERATURE DETECTIVE-FICTION MYSTERY"
529,"CRIME-FICTION FICTION MYSTERY SUSPENSE THRILLER"
530,"FICTION NOVEL SPECULATIVE-FICTION"
531,"CHILDREN'S-LITERATURE FICTION NOVEL"
532,"FANTASY SCIENCE-FICTION SPECULATIVE-FICTION"
533,"CRIME-FICTION FICTION MYSTERY SUSPENSE"
534,"CHILDREN'S-LITERATURE FICTION YOUNG-ADULT-LITERATURE"
535,"FANTASY SCIENCE-FICTION SPECULATIVE-FICTION"
536,"SCIENCE-FICTION SPECULATIVE-FICTION"
537,"FANTASY SPECULATIVE-FICTION"
538,"FANTASY SPECULATIVE-FICTION"
539,"CHILDREN'S-LITERATURE FANTASY HORROR SCIENCE-FICTION SPECULATIVE-FICTION YOUNG-ADULT-LITERATURE"
540,"CHILDREN'S-LITERATURE FANTASY FICTION HORROR SPECULATIVE-FICTION"
541,"FICTION"
542,"SCIENCE-FICTION SPECULATIVE-FICTION"
543,"MYSTERY"
544,"CRIME-FICTION FICTION MYSTERY SUSPENSE"
545,"FANTASY SHORT-STORY SPECULATIVE-FICTION"
546,"CHILDREN'S-LITERATURE YOUNG-ADULT-LITERATURE"
547,"FICTION THRILLER"
548,"FICTION NOVEL SPECULATIVE-FICTION"
549,"MYSTERY NOVEL"
550,"FICTION NOVEL"
551,"CHILDREN'S-LITERATURE FICTION YOUNG-ADULT-LITERATURE"
552,"FICTION NOVEL"
553,"FANTASY SPECULATIVE-FICTION"
554,"SCIENCE-FICTION SPECULATIVE-FICTION"
555,"CHILDREN'S-LITERATURE FICTION YOUNG-ADULT-LITERATURE"
556,"CHILDREN'S-LITERATURE FANTASY SPECULATIVE-FICTION YOUNG-ADULT-LITERATURE"
557,"CRIME-FICTION FICTION MYSTERY SUSPENSE"
558,"FICTION NOVEL"
559,"CRIME-FICTION"
560,"CRIME-FICTION DETECTIVE-FICTION FICTION MYSTERY SUSPENSE THRILLER"
561,""
562,"FANTASY SPECULATIVE-FICTION"
563,"CHILDREN'S-LITERATURE FICTION NOVEL YOUNG-ADULT-LITERATURE"
564,"CHILDREN'S-LITERATURE FICTION NOVEL YOUNG-ADULT-LITERATURE"
565,"FICTION ROMANCE-NOVEL"
566,"NOVEL"
567,"FICTION NOVEL"
568,"SUSPENSE THRILLER"
569,"FICTION NOVEL"
570,"FICTION HISTORICAL-FICTION HISTORICAL-NOVEL NOVEL THRILLER"
571,"CRIME-FICTION DETECTIVE-FICTION FICTION MYSTERY SUSPENSE THRILLER"
572,"CHILDREN'S-LITERATURE YOUNG-ADULT-LITERATURE"
573,"CRIME-FICTION MYSTERY SPECULATIVE-FICTION SUSPENSE"
574,"SCIENCE-FICTION SPECULATIVE-FICTION"
575,"CHILDREN'S-LITERATURE FANTASY FICTION SUSPENSE"
576,"CHILDREN'S-LITERATURE FANTASY FICTION YOUNG-ADULT-LITERATURE"
577,"CRIME-FICTION FICTION MYSTERY SUSPENSE THRILLER"
578,"CHILDREN'S-LITERATURE FICTION NOVEL"
579,"SCIENCE-FICTION SPECULATIVE-FICTION"
580,"DETECTIVE-FICTION FICTION"
581,"CHILDREN'S-LITERATURE"
582,""
583,"FICTION HISTORICAL-NOVEL NOVEL"
584,"ALTERNATE-HISTORY SCIENCE-FICTION"
585,"FICTION NOVEL"
586,"CHILDREN'S-LITERATURE FICTION NOVEL YOUNG-ADULT-LITERATURE"
587,"CHILDREN'S-LITERATURE SCIENCE-FICTION SPECULATIVE-FICTION"
588,"NOVEL SPECULATIVE-FICTION"
589,"MYSTERY"
590,"FICTION SPECULATIVE-FICTION"
591,"CHILDREN'S-LITERATURE YOUNG-ADULT-LITERATURE"
592,"SCIENCE-FICTION SPECULATIVE-FICTION"
593,"CRIME-FICTION DETECTIVE-FICTION FICTION MYSTERY SUSPENSE THRILLER"
594,"FICTION NOVEL ROMANCE-NOVEL"
595,"CRIME-FICTION MYSTERY SUSPENSE"
596,"CHILDREN'S-LITERATURE FANTASY SCIENCE-FICTION SPECULATIVE-FICTION"
597,"DETECTIVE-FICTION MYSTERY"
598,"SCIENCE-FICTION SPECULATIVE-FICTION"
599,"HISTORICAL-FICTION HISTORICAL-NOVEL NON-FICTION NOVEL"
600,"CHILDREN'S-LITERATURE FICTION"
601,"SCIENCE-FICTION SPECULATIVE-FICTION"
602,"CRIME-FICTION DETECTIVE-FICTION FICTION MYSTERY SUSPENSE"
603,"FANTASY SPECULATIVE-FICTION"
604,"FANTASY SPECULATIVE-FICTION"
605,"FICTION THRILLER"
606,"SCIENCE-FICTION SPECULATIVE-FICTION"
607,"CHILDREN'S-LITERATURE NOVELLA"
608,"CHILDREN'S-LITERATURE FICTION NOVEL YOUNG-ADULT-LITERATURE"
609,"FANTASY FICTION HORROR SPECULATIVE-FICTION"
610,"FICTION NOVEL"
611,"DETECTIVE-FICTION FANTASY MYSTERY SCIENCE-FICTION SPECULATIVE-FICTION"
612,"MYSTERY"
613,"FANTASY FICTION HORROR MYSTERY SPECULATIVE-FICTION"
614,"FICTION NOVEL YOUNG-ADULT-LITERATURE"
615,""
616,"CRIME-FICTION FICTION MYSTERY SUSPENSE THRILLER"
617,"NOVEL YOUNG-ADULT-LITERATURE"
618,"CRIME-FICTION DETECTIVE-FICTION MYSTERY SPECULATIVE-FICTION SUSPENSE"
619,"SCIENCE-FICTION SPECULATIVE-FICTION"
620,"FANTASY SPECULATIVE-FICTION"
621,"FICTION NOVEL SPECULATIVE-FICTION"
622,"CRIME-FICTION DETECTIVE-FICTION MYSTERY SUSPENSE"
623,"FICTION NOVEL"
624,"FANTASY HISTORICAL-NOVEL SCIENCE-FICTION SPECULATIVE-FICTION"
625,"FICTION NOVEL"
626,"SPY-FICTION THRILLER"
627,"SCIENCE-FICTION SPECULATIVE-FICTION"
628,"SPY-FICTION"
629,"SCIENCE-FICTION SPECULATIVE-FICTION"
630,"CHILDREN'S-LITERATURE FICTION"
631,"CHILDREN'S-LITERATURE FANTASY SCIENCE-FICTION SPECULATIVE-FICTION YOUNG-ADULT-LITERATURE"
632,"NON-FICTION"
633,"SCIENCE-FICTION SPECULATIVE-FICTION THRILLER"
634,"FICTION"
635,"CHILDREN'S-LITERATURE"
636,"FICTION NOVEL ROMANCE-NOVEL"
637,"CRIME-FICTION DETECTIVE-FICTION FICTION MYSTERY SUSPENSE THRILLER"
638,"FANTASY SCIENCE-FICTION SPECULATIVE-FICTION"
639,"FICTION HISTORICAL-FICTION NOVEL ROMANCE-NOVEL"
640,""
641,""
642,"FICTION NOVEL SPECULATIVE-FICTION"
643,"CRIME-FICTION DETECTIVE-FICTION MYSTERY SUSPENSE"
644,"CRIME-FICTION DETECTIVE-FICTION FICTION MYSTERY SUSPENSE"
645,""
646,"CHILDREN'S-LITERATURE FICTION MYSTERY"
647,"CHILDREN'S-LITERATURE"
648,"NOVEL"
649,"ALTERNATE-HISTORY NON-FICTION SCIENCE-FICTION"
650,"CHILDREN'S-LITERATURE SCIENCE-FICTION SPECULATIVE-FICTION"
651,"CHILDREN'S-LITERATURE FANTASY SPECULATIVE-FICTION"
652,"CHILDREN'S-LITERATURE FICTION"
653,"FICTION NOVEL"
654,"SCIENCE-FICTION SPECULATIVE-FICTION"
655,"FICTION NOVEL"
656,"SPECULATIVE-FICTION"
657,"CHILDREN'S-LITERATURE YOUNG-ADULT-LITERATURE"
658,"HISTORICAL-NOVEL"
659,"FICTION NOVEL"
660,"ADVENTURE-NOVEL YOUNG-ADULT-LITERATURE"
661,"FICTION"
662,"FICTION NOVEL"
663,"FANTASY SPECULATIVE-FICTION"
664,"CHILDREN'S-LITERATURE YOUNG-ADULT-LITERATURE"
665,"CRIME-FICTION FICTION MYSTERY NOVEL SUSPENSE THRILLER"
666,"CHILDREN'S-LITERATURE YOUNG-ADULT-LITERATURE"
667,"HISTORICAL-NOVEL"
668,"FICTION NOVEL"
669,"CRIME-FICTION FICTION MYSTERY SUSPENSE"
670,""
671,"FICTION NOVEL"
672,"CRIME-FICTION FICTION MYSTERY SUSPENSE"
673,"CHILDREN'S-LITERATURE FANTASY SCIENCE-FICTION SPECULATIVE-FICTION"
674,"ALTERNATE-HISTORY HISTORICAL-NOVEL SCIENCE-FICTION WAR-NOVEL"
675,"FANTASY"
676,""
677,"SCIENCE-FICTION SPECULATIVE-FICTION"
678,"SCIENCE-FICTION SPECULATIVE-FICTION"
679,"SCIENCE-FICTION SPECULATIVE-FICTION"
680,"DETECTIVE-FICTION FICTION MYSTERY SUSPENSE"
681,"CHILDREN'S-LITERATURE FICTION"
682,"CHILDREN'S-LITERATURE YOUNG-ADULT-LITERATURE"
683,"FICTION"
684,"FICTION NOVEL YOUNG-ADULT-LITERATURE"
685,"ADVENTURE-NOVEL YOUNG-ADULT-LITERATURE"
686,"SCIENCE-FICTION SPECULATIVE-FICTION"
687,"FICTION NOVEL"
688,"CHILDREN'S-LITERATURE FICTION NOVEL"
689,""
690,"FICTION NOVEL"
691,"SCIENCE-FICTION THRILLER"
692,"FANTASY SPECULATIVE-FICTION"
693,"CHILDREN'S-LITERATURE FANTASY SCIENCE-FICTION SPECULATIVE-FICTION"
694,"SCIENCE-FICTION SPECULATIVE-FICTION"
695,"CHILDREN'S-LITERATURE FICTION NOVEL ROMANCE-NOVEL"
696,"FICTION HISTORICAL-FICTION HISTORICAL-NOVEL HISTORY NOVEL"
697,"SPY-FICTION"
698,"FICTION NOVEL THRILLER"
699,"CHILDREN'S-LITERATURE FICTION NOVEL"
700,"CHILDREN'S-LITERATURE FANTASY SPECULATIVE-FICTION"
701,"FICTION MYSTERY NOVEL SUSPENSE"
702,"CHILDREN'S-LITERATURE"
703,"CHILDREN'S-LITERATURE FANTASY MYSTERY"
704,"FICTION NOVEL"
705,"FICTION HISTORY NOVEL"
706,"CHILDREN'S-LITERATURE FICTION NOVEL YOUNG-ADULT-LITERATURE"
707,"CHILDREN'S-LITERATURE DETECTIVE-FICTION MYSTERY"
708,"FICTION HORROR NOVEL"
709,"CHILDREN'S-LITERATURE FICTION NOVEL"
710,"SCIENCE-FICTION SPECULATIVE-FICTION"
711,"CRIME-FICTION FICTION MYSTERY SUSPENSE"
712,"ALTERNATE-HISTORY HISTORICAL-NOVEL"
713,"FICTION"
714,"CHILDREN'S-LITERATURE FANTASY"
715,"NOVEL"
716,"FICTION HISTORICAL-NOVEL WAR-NOVEL"
717,"CRIME-FICTION FICTION MYSTERY NOVEL SUSPENSE"
718,"CRIME-FICTION DETECTIVE-FICTION FICTION MYSTERY NOVEL SUSPENSE"
719,"ADVENTURE-NOVEL YOUNG-ADULT-LITERATURE"
720,"CRIME-FICTION FICTION MYSTERY SUSPENSE"
721,"FICTION NOVEL THRILLER"
722,"AUTOBIOGRAPHY NON-FICTION"
723,"FICTION NOVEL"
724,"CHILDREN'S-LITERATURE FANTASY SPECULATIVE-FICTION"
725,"FICTION NOVEL SCIENCE-FICTION SPECULATIVE-FICTION"
726,"FANTASY"
727,"SCIENCE-FICTION SPECULATIVE-FICTION"
728,"CRIME-FICTION FICTION MYSTERY SUSPENSE"
729,"FICTION NOVEL ROMANCE-NOVEL"
730,"FICTION NOVEL ROMANCE-NOVEL YOUNG-ADULT-LITERATURE"
731,"FICTION NOVEL"
732,"CRIME-FICTION DETECTIVE-FICTION FICTION MYSTERY SUSPENSE"
733,"FICTION SCIENCE-FICTION SPECULATIVE-FICTION"
734,"SCIENCE-FICTION SPECULATIVE-FICTION"
735,""
736,"MYSTERY"
737,"SCIENCE-FICTION SPECULATIVE-FICTION"
738,"FICTION HISTORICAL-NOVEL NOVEL"
739,"CHILDREN'S-LITERATURE YOUNG-ADULT-LITERATURE"
740,"FANTASY HISTORICAL-NOVEL SPECULATIVE-FICTION"
741,"NOVEL"
742,"CRIME-FICTION FICTION MYSTERY SUSPENSE"
743,"FICTION"
744,"FANTASY SPECULATIVE-FICTION"
745,"CHILDREN'S-LITERATURE FICTION NOVEL"
746,"SCIENCE-FICTION SPECULATIVE-FICTION"
747,"FICTION NOVEL"
748,"ALTERNATE-HISTORY SCIENCE-FICTION SPECULATIVE-FICTION"
749,"FICTION NOVEL SCIENCE-FICTION SPECULATIVE-FICTION"
750,"FICTION NOVEL"
751,"FICTION NOVEL"
752,"SPECULATIVE-FICTION"
753,"SCIENCE-FICTION SPECULATIVE-FICTION"
754,"FANTASY SCIENCE-FICTION SPECULATIVE-FICTION"
755,"HISTORICAL-NOVEL"
756,"CHILDREN'S-LITERATURE CRIME-FICTION DETECTIVE-FICTION FICTION MYSTERY SUSPENSE"
757,"FANTASY SCIENCE-FICTION SPECULATIVE-FICTION THRILLER"
758,"FICTION NOVEL"
759,"CRIME-FICTION FICTION MYSTERY NOVEL SUSPENSE"
760,"CRIME-FICTION FICTION MYSTERY SUSPENSE THRILLER"
761,"CHILDREN'S-LITERATURE SCIENCE-FICTION SPECULATIVE-FICTION YOUNG-ADULT-LITERATURE"
762,"CHILDREN'S-LITERATURE"
763,""
764,"THRILLER"
765,""
766,"FICTION NOVEL ROMANCE-NOVEL"
767,"DETECTIVE-FICTION MYSTERY"
768,"FICTION NOVEL"
769,"FICTION NOVEL"
770,"FICTION SCIENCE-FICTION SPECULATIVE-FICTION"
771,"FICTION NOVEL"
772,"FICTION MYSTERY NOVEL SUSPENSE"
773,"CHILDREN'S-LITERATURE NOVEL YOUNG-ADULT-LITERATURE"
774,"FICTION NOVEL"
775,"FANTASY FICTION HORROR MYSTERY ROMANCE-NOVEL SPECULATIVE-FICTION"
776,"FICTION HISTORICAL-NOVEL NOVEL"
777,"SCIENCE-FICTION SPECULATIVE-FICTION"
778,"FICTION SPECULATIVE-FICTION THRILLER"
779,"FICTION NOVEL"
780,"CRIME-FICTION DETECTIVE-FICTION FICTION MYSTERY SUSPENSE THRILLER"
781,"CHILDREN'S-LITERATURE SPECULATIVE-FICTION"
782,"NOVEL"
783,"FICTION NOVEL ROMANCE-NOVEL SUSPENSE"
784,"FICTION NOVEL"
785,"FICTION SPECULATIVE-FICTION"
786,"FICTION MYSTERY YOUNG-ADULT-LITERATURE"
787,""
788,"FANTASY SPECULATIVE-FICTION THRILLER"
789,"CHILDREN'S-LITERATURE CRIME-FICTION DETECTIVE-FICTION MYSTERY YOUNG-ADULT-LITERATURE"
790,"CHILDREN'S-LITERATURE FICTION"
791,"FICTION HISTORICAL-FICTION MEMOIR NOVEL"
792,"SCIENCE-FICTION SPECULATIVE-FICTION"
793,"CHILDREN'S-LITERATURE FANTASY FICTION NOVEL YOUNG-ADULT-LITERATURE"
794,"FICTION NOVEL"
795,"FANTASY MYSTERY SPECULATIVE-FICTION"
796,"FANTASY"
797,"CHILDREN'S-LITERATURE FICTION MYSTERY"
798,"CHILDREN'S-LITERATURE FICTION MYSTERY"
799,"ALTERNATE-HISTORY HISTORICAL-NOVEL"
800,"CHILDREN'S-LITERATURE FANTASY SPECULATIVE-FICTION"
801,"ADVENTURE-NOVEL YOUNG-ADULT-LITERATURE"
802,"CRIME-FICTION FICTION MYSTERY NOVEL SUSPENSE THRILLER"
803,"CHILDREN'S-LITERATURE YOUNG-ADULT-LITERATURE"
804,"FANTASY SCIENCE-FICTION SPECULATIVE-FICTION"
805,"SCIENCE-FICTION SPECULATIVE-FICTION"
806,"SCIENCE-FICTION SPECULATIVE-FICTION"
807,"CHILDREN'S-LITERATURE YOUNG-ADULT-LITERATURE"
808,"CHILDREN'S-LITERATURE SCIENCE-FICTION SPECULATIVE-FICTION"
809,"ADVENTURE-NOVEL FICTION"
810,"FANTASY FICTION NOVEL"
811,"NOVEL"
812,"CHILDREN'S-LITERATURE FICTION YOUNG-ADULT-LITERATURE"
813,"AUTOBIOGRAPHY FANTASY NON-FICTION SPECULATIVE-FICTION"
814,"FICTION NOVEL ROMANCE-NOVEL"
815,"FICTION NOVEL"
816,"CRIME-FICTION FICTION SUSPENSE THRILLER"
817,"ADVENTURE-NOVEL FANTASY SPECULATIVE-FICTION"
818,"FICTION NOVEL ROMANCE-NOVEL"
819,"SCIENCE-FICTION SPECULATIVE-FICTION"
820,"FICTION MYSTERY THRILLER"
821,"ALTERNATE-HISTORY HISTORICAL-NOVEL"
822,"NOVEL"
823,"HISTORICAL-NOVEL MYSTERY"
824,"CHILDREN'S-LITERATURE SPECULATIVE-FICTION"
825,"SPECULATIVE-FICTION THRILLER"
826,"FICTION NOVEL ROMANCE-NOVEL"
827,""
828,"CHILDREN'S-LITERATURE FICTION NOVEL SUSPENSE YOUNG-ADULT-LITERATURE"
829,"CRIME-FICTION FICTION MYSTERY SUSPENSE"
830,"FICTION NOVEL ROMANCE-NOVEL"
831,"FANTASY FICTION HISTORICAL-FICTION NOVEL"
832,""
833,"AUTOBIOGRAPHY BIOGRAPHY FICTION NON-FICTION NOVEL"
834,"NOVEL"
835,"FICTION MYSTERY"
836,"CHILDREN'S-LITERATURE CRIME-FICTION FICTION MYSTERY NOVEL"
837,"CHILDREN'S-LITERATURE FICTION"
838,"CHILDREN'S-LITERATURE FICTION NOVEL YOUNG-ADULT-LITERATURE"
839,"CHILDREN'S-LITERATURE"
840,"CHILDREN'S-LITERATURE FICTION YOUNG-ADULT-LITERATURE"
841,"NON-FICTION SCIENCE-FICTION SPECULATIVE-FICTION"
842,"FICTION NOVEL"
843,""
844,"NOVEL"
845,"CRIME-FICTION FICTION MYSTERY NOVEL SUSPENSE"
846,"CHILDREN'S-LITERATURE FANTASY SPECULATIVE-FICTION YOUNG-ADULT-LITERATURE"
847,"SCIENCE-FICTION SPECULATIVE-FICTION"
848,"FICTION NOVEL"
849,"FANTASY SPECULATIVE-FICTION"
850,""
851,"NOVEL"
852,"CHILDREN'S-LITERATURE SPECULATIVE-FICTION"
853,"SPY-FICTION THRILLER"
854,"DETECTIVE-FICTION MYSTERY"
855,"FANTASY"
856,"SCIENCE-FICTION SPECULATIVE-FICTION"
857,"FANTASY SCIENCE-FICTION SPECULATIVE-FICTION"
858,"HISTORICAL-NOVEL NOVEL THRILLER"
859,"CHILDREN'S-LITERATURE FICTION NOVEL"
860,"FICTION MYSTERY NOVEL SUSPENSE"
861,"CHILDREN'S-LITERATURE FANTASY SPECULATIVE-FICTION"
862,"FICTION HISTORICAL-FICTION HISTORICAL-NOVEL"
863,"FICTION NOVEL"
864,"CRIME-FICTION MYSTERY SUSPENSE"
865,"FICTION NOVEL"
866,"FICTION NOVEL"
867,"NOVEL"
868,"CHILDREN'S-LITERATURE FICTION NOVEL YOUNG-ADULT-LITERATURE"
869,"FANTASY SCIENCE-FICTION SPECULATIVE-FICTION"
870,"CRIME-FICTION DETECTIVE-FICTION FICTION MYSTERY SUSPENSE"
871,"CHILDREN'S-LITERATURE FANTASY"
872,"FICTION NOVEL"
873,"FANTASY SCIENCE-FICTION SPECULATIVE-FICTION"
874,"MYSTERY THRILLER"
875,"NON-FICTION NOVEL"
876,"SCIENCE-FICTION SPECULATIVE-FICTION"
877,"AUTOBIOGRAPHY CHILDREN'S-LITERATURE FICTION NOVEL"
878,"NON-FICTION"
879,"FICTION NOVEL ROMANCE-NOVEL"
880,"FICTION MYSTERY SUSPENSE"
881,"HISTORICAL-NOVEL SCIENCE-FICTION SPECULATIVE-FICTION"
882,"CRIME-FICTION FICTION MYSTERY SUSPENSE"
883,"FICTION HISTORY NOVEL"
884,"CHILDREN'S-LITERATURE YOUNG-ADULT-LITERATURE"
885,"FICTION NOVEL"
886,"DETECTIVE-FICTION FICTION MYSTERY"
887,"FICTION NOVEL"
888,"NOVEL SCIENCE-FICTION"
889,"HISTORICAL-NOVEL NON-FICTION WAR-NOVEL"
890,"FICTION NOVEL ROMANCE-NOVEL"
891,"FANTASY SCIENCE-FICTION SPECULATIVE-FICTION"
892,"FICTION NOVEL SPECULATIVE-FICTION"
893,"FICTION MYSTERY NOVEL"
894,"FICTION SCIENCE-FICTION SPECULATIVE-FICTION THRILLER"
895,"CHILDREN'S-LITERATURE FICTION HORROR MYSTERY SPECULATIVE-FICTION"
896,"CHILDREN'S-LITERATURE DETECTIVE-FICTION MYSTERY YOUNG-ADULT-LITERATURE"
897,"FANTASY SCIENCE-FICTION SPECULATIVE-FICTION"
898,"CHILDREN'S-LITERATURE FANTASY NOVEL"
899,"CHILDREN'S-LITERATURE FANTASY"
900,"FANTASY SCIENCE-FICTION SPECULATIVE-FICTION"
901,"FANTASY SPECULATIVE-FICTION"
902,"CHILDREN'S-LITERATURE FICTION NOVEL YOUNG-ADULT-LITERATURE"
903,"CRIME-FICTION FICTION HORROR MYSTERY ROMANCE-NOVEL SPECULATIVE-FICTION SUSPENSE"
904,"CHILDREN'S-LITERATURE FICTION"
905,"CHILDREN'S-LITERATURE FANTASY SPECULATIVE-FICTION"
906,"FICTION NOVEL"
907,"CHILDREN'S-LITERATURE FICTION NOVEL YOUNG-ADULT-LITERATURE"
908,"FICTION"
909,"CRIME-FICTION FICTION MYSTERY SUSPENSE"
910,"CHILDREN'S-LITERATURE FICTION"
911,""
912,"FANTASY SCIENCE-FICTION SPECULATIVE-FICTION"
913,"FICTION NOVEL"
914,"FICTION THRILLER"
915,"MYSTERY THRILLER"
916,"FANTASY HISTORICAL-NOVEL SCIENCE-FICTION SPECULATIVE-FICTION"
917,"FICTION YOUNG-ADULT-LITERATURE"
918,"HISTORICAL-NOVEL"
919,"SCIENCE-FICTION SPECULATIVE-FICTION"
920,"YOUNG-ADULT-LITERATURE"
921,"CHILDREN'S-LITERATURE CRIME-FICTION FICTION MYSTERY SUSPENSE"
922,"FICTION NOVEL"
923,"CHILDREN'S-LITERATURE FICTION NOVEL"
924,"ALTERNATE-HISTORY HISTORICAL-NOVEL WAR-NOVEL"
925,"FANTASY SCIENCE-FICTION SPECULATIVE-FICTION"
926,"SCIENCE-FICTION SPECULATIVE-FICTION"
927,"CHILDREN'S-LITERATURE FANTASY SPECULATIVE-FICTION YOUNG-ADULT-LITERATURE"
928,""
929,"CHILDREN'S-LITERATURE FICTION SPY-FICTION SUSPENSE"
930,"CHILDREN'S-LITERATURE"
931,"CHILDREN'S-LITERATURE FANTASY SPECULATIVE-FICTION"
932,""
933,"FICTION SCIENCE-FICTION SPECULATIVE-FICTION"
934,"FICTION SPECULATIVE-FICTION"
935,"FANTASY"
936,"CRIME-FICTION FICTION MYSTERY SUSPENSE"
937,"FICTION NOVEL"
938,"SCIENCE-FICTION SPECULATIVE-FICTION"
939,"FICTION NOVEL SPECULATIVE-FICTION"
940,"CHILDREN'S-LITERATURE FICTION NOVEL"
941,"FICTION MYSTERY SCIENCE-FICTION SPECULATIVE-FICTION SUSPENSE THRILLER"
942,"FICTION NOVEL"
943,"NOVEL"
944,"HISTORICAL-NOVEL SPY-FICTION THRILLER"
945,""
946,"CHILDREN'S-LITERATURE NOVEL YOUNG-ADULT-LITERATURE"
947,"CHILDREN'S-LITERATURE FANTASY FICTION HORROR ROMANCE-NOVEL SPECULATIVE-FICTION YOUNG-ADULT-LITERATURE"
948,"CHILDREN'S-LITERATURE FANTASY SPECULATIVE-FICTION"
949,"NON-FICTION NOVEL"
950,"CHILDREN'S-LITERATURE MYSTERY"
951,"CHILDREN'S-LITERATURE FICTION NOVEL YOUNG-ADULT-LITERATURE"
952,"FANTASY SCIENCE-FICTION SPECULATIVE-FICTION"
953,"FANTASY MYSTERY"
954,"CRIME-FICTION FICTION MYSTERY NOVEL SUSPENSE"
955,"CHILDREN'S-LITERATURE"
956,"SPY-FICTION"
957,"CHILDREN'S-LITERATURE FANTASY SPECULATIVE-FICTION"
958,"FICTION NOVEL"
959,"CHILDREN'S-LITERATURE FANTASY FICTION MYSTERY"
960,"CHILDREN'S-LITERATURE FICTION NOVEL"
961,"SCIENCE-FICTION SPECULATIVE-FICTION"
962,"HISTORICAL-FICTION"
963,"CRIME-FICTION FICTION"
964,""
965,"CHILDREN'S-LITERATURE FICTION NOVEL ROMANCE-NOVEL"
966,"CRIME-FICTION MYSTERY SCIENCE-FICTION SPECULATIVE-FICTION SUSPENSE"
967,"MYSTERY"
968,"CHILDREN'S-LITERATURE SCIENCE-FICTION SPECULATIVE-FICTION"
969,"FICTION NOVEL"
970,"CHILDREN'S-LITERATURE FICTION NOVEL YOUNG-ADULT-LITERATURE"
971,"CHILDREN'S-LITERATURE FICTION NOVEL YOUNG-ADULT-LITERATURE"
972,"FICTION NOVEL"
973,"FICTION NOVEL"
974,"FICTION"
975,"FICTION"
976,"CHILDREN'S-LITERATURE FANTASY SPECULATIVE-FICTION"
977,"FICTION NOVEL"
978,"FANTASY NOVEL SPECULATIVE-FICTION"
979,"CHILDREN'S-LITERATURE FANTASY SCIENCE-FICTION SPECULATIVE-FICTION"
980,"CHILDREN'S-LITERATURE SCIENCE-FICTION SPECULATIVE-FICTION"
981,"FANTASY FICTION NOVEL"
982,"SCIENCE-FICTION SPECULATIVE-FICTION"
983,"SPY-FICTION THRILLER"
984,"ALTERNATE-HISTORY SCIENCE-FICTION"
985,"CHILDREN'S-LITERATURE"
986,"CHILDREN'S-LITERATURE DETECTIVE-FICTION FICTION MYSTERY"
987,"NOVEL"
988,"NOVEL SPECULATIVE-FICTION"
989,"CHILDREN'S-LITERATURE FICTION NOVEL"
990,"CHILDREN'S-LITERATURE FANTASY FICTION HORROR MYSTERY ROMANCE-NOVEL SPECULATIVE-FICTION"
991,"FANTASY SPECULATIVE-FICTION"
992,"CHILDREN'S-LITERATURE SCIENCE-FICTION SPECULATIVE-FICTION"
